"TIME","GEO","AIRPOL","NACE_R2","UNIT","Value"
"2013","Schweiz","Treibhausgase (CO2, N2O in CO2 Äquivalente, CH4 in CO2 Äquivalente, HFC in CO2 Äquivalente, PFC in CO2 Äquivalente, SF6 in CO2 Äquivalente, NF3 in CO2 Äquivalente)","TOTAL","Tonne","36 091 865.67"
"2013","Schweiz","Treibhausgase (CO2, N2O in CO2 Äquivalente, CH4 in CO2 Äquivalente, HFC in CO2 Äquivalente, PFC in CO2 Äquivalente, SF6 in CO2 Äquivalente, NF3 in CO2 Äquivalente)","A","Tonne","6 926 353.43"
"2013","Schweiz","Treibhausgase (CO2, N2O in CO2 Äquivalente, CH4 in CO2 Äquivalente, HFC in CO2 Äquivalente, PFC in CO2 Äquivalente, SF6 in CO2 Äquivalente, NF3 in CO2 Äquivalente)","A01","Tonne",":"
"2013","Schweiz","Treibhausgase (CO2, N2O in CO2 Äquivalente, CH4 in CO2 Äquivalente, HFC in CO2 Äquivalente, PFC in CO2 Äquivalente, SF6 in CO2 Äquivalente, NF3 in CO2 Äquivalente)","A02","Tonne",":"
"2013","Schweiz","Treibhausgase (CO2, N2O in CO2 Äquivalente, CH4 in CO2 Äquivalente, HFC in CO2 Äquivalente, PFC in CO2 Äquivalente, SF6 in CO2 Äquivalente, NF3 in CO2 Äquivalente)","A03","Tonne",":"
"2013","Schweiz","Treibhausgase (CO2, N2O in CO2 Äquivalente, CH4 in CO2 Äquivalente, HFC in CO2 Äquivalente, PFC in CO2 Äquivalente, SF6 in CO2 Äquivalente, NF3 in CO2 Äquivalente)","B","Tonne","69 358.11"
"2013","Schweiz","Treibhausgase (CO2, N2O in CO2 Äquivalente, CH4 in CO2 Äquivalente, HFC in CO2 Äquivalente, PFC in CO2 Äquivalente, SF6 in CO2 Äquivalente, NF3 in CO2 Äquivalente)","C","Tonne","8 610 543.77"
"2013","Schweiz","Treibhausgase (CO2, N2O in CO2 Äquivalente, CH4 in CO2 Äquivalente, HFC in CO2 Äquivalente, PFC in CO2 Äquivalente, SF6 in CO2 Äquivalente, NF3 in CO2 Äquivalente)","C10-C12","Tonne","1 041 356.07"
"2013","Schweiz","Treibhausgase (CO2, N2O in CO2 Äquivalente, CH4 in CO2 Äquivalente, HFC in CO2 Äquivalente, PFC in CO2 Äquivalente, SF6 in CO2 Äquivalente, NF3 in CO2 Äquivalente)","C13-C15","Tonne","76 953.86"
"2013","Schweiz","Treibhausgase (CO2, N2O in CO2 Äquivalente, CH4 in CO2 Äquivalente, HFC in CO2 Äquivalente, PFC in CO2 Äquivalente, SF6 in CO2 Äquivalente, NF3 in CO2 Äquivalente)","C16","Tonne","118 592.34"
"2013","Schweiz","Treibhausgase (CO2, N2O in CO2 Äquivalente, CH4 in CO2 Äquivalente, HFC in CO2 Äquivalente, PFC in CO2 Äquivalente, SF6 in CO2 Äquivalente, NF3 in CO2 Äquivalente)","C17","Tonne","327 823.11"
"2013","Schweiz","Treibhausgase (CO2, N2O in CO2 Äquivalente, CH4 in CO2 Äquivalente, HFC in CO2 Äquivalente, PFC in CO2 Äquivalente, SF6 in CO2 Äquivalente, NF3 in CO2 Äquivalente)","C18","Tonne","93 830.4"
"2013","Schweiz","Treibhausgase (CO2, N2O in CO2 Äquivalente, CH4 in CO2 Äquivalente, HFC in CO2 Äquivalente, PFC in CO2 Äquivalente, SF6 in CO2 Äquivalente, NF3 in CO2 Äquivalente)","C19","Tonne","0"
"2013","Schweiz","Treibhausgase (CO2, N2O in CO2 Äquivalente, CH4 in CO2 Äquivalente, HFC in CO2 Äquivalente, PFC in CO2 Äquivalente, SF6 in CO2 Äquivalente, NF3 in CO2 Äquivalente)","C20","Tonne","1 985 160.01"
"2013","Schweiz","Treibhausgase (CO2, N2O in CO2 Äquivalente, CH4 in CO2 Äquivalente, HFC in CO2 Äquivalente, PFC in CO2 Äquivalente, SF6 in CO2 Äquivalente, NF3 in CO2 Äquivalente)","C21","Tonne","243 837.89"
"2013","Schweiz","Treibhausgase (CO2, N2O in CO2 Äquivalente, CH4 in CO2 Äquivalente, HFC in CO2 Äquivalente, PFC in CO2 Äquivalente, SF6 in CO2 Äquivalente, NF3 in CO2 Äquivalente)","C22","Tonne","87 262.1"
"2013","Schweiz","Treibhausgase (CO2, N2O in CO2 Äquivalente, CH4 in CO2 Äquivalente, HFC in CO2 Äquivalente, PFC in CO2 Äquivalente, SF6 in CO2 Äquivalente, NF3 in CO2 Äquivalente)","C23","Tonne","3 177 869.52"
"2013","Schweiz","Treibhausgase (CO2, N2O in CO2 Äquivalente, CH4 in CO2 Äquivalente, HFC in CO2 Äquivalente, PFC in CO2 Äquivalente, SF6 in CO2 Äquivalente, NF3 in CO2 Äquivalente)","C24","Tonne","402 837.06"
"2013","Schweiz","Treibhausgase (CO2, N2O in CO2 Äquivalente, CH4 in CO2 Äquivalente, HFC in CO2 Äquivalente, PFC in CO2 Äquivalente, SF6 in CO2 Äquivalente, NF3 in CO2 Äquivalente)","C25","Tonne","340 337.44"
"2013","Schweiz","Treibhausgase (CO2, N2O in CO2 Äquivalente, CH4 in CO2 Äquivalente, HFC in CO2 Äquivalente, PFC in CO2 Äquivalente, SF6 in CO2 Äquivalente, NF3 in CO2 Äquivalente)","C26","Tonne","204 523.6"
"2013","Schweiz","Treibhausgase (CO2, N2O in CO2 Äquivalente, CH4 in CO2 Äquivalente, HFC in CO2 Äquivalente, PFC in CO2 Äquivalente, SF6 in CO2 Äquivalente, NF3 in CO2 Äquivalente)","C27","Tonne","118 068.73"
"2013","Schweiz","Treibhausgase (CO2, N2O in CO2 Äquivalente, CH4 in CO2 Äquivalente, HFC in CO2 Äquivalente, PFC in CO2 Äquivalente, SF6 in CO2 Äquivalente, NF3 in CO2 Äquivalente)","C28","Tonne","228 416.38"
"2013","Schweiz","Treibhausgase (CO2, N2O in CO2 Äquivalente, CH4 in CO2 Äquivalente, HFC in CO2 Äquivalente, PFC in CO2 Äquivalente, SF6 in CO2 Äquivalente, NF3 in CO2 Äquivalente)","C29","Tonne","27 492.06"
"2013","Schweiz","Treibhausgase (CO2, N2O in CO2 Äquivalente, CH4 in CO2 Äquivalente, HFC in CO2 Äquivalente, PFC in CO2 Äquivalente, SF6 in CO2 Äquivalente, NF3 in CO2 Äquivalente)","C30","Tonne","34 470.41"
"2013","Schweiz","Treibhausgase (CO2, N2O in CO2 Äquivalente, CH4 in CO2 Äquivalente, HFC in CO2 Äquivalente, PFC in CO2 Äquivalente, SF6 in CO2 Äquivalente, NF3 in CO2 Äquivalente)","C31_C32","Tonne","68 408.34"
"2013","Schweiz","Treibhausgase (CO2, N2O in CO2 Äquivalente, CH4 in CO2 Äquivalente, HFC in CO2 Äquivalente, PFC in CO2 Äquivalente, SF6 in CO2 Äquivalente, NF3 in CO2 Äquivalente)","C33","Tonne","33 304.44"
"2013","Schweiz","Treibhausgase (CO2, N2O in CO2 Äquivalente, CH4 in CO2 Äquivalente, HFC in CO2 Äquivalente, PFC in CO2 Äquivalente, SF6 in CO2 Äquivalente, NF3 in CO2 Äquivalente)","D","Tonne","817 240.78"
"2013","Schweiz","Treibhausgase (CO2, N2O in CO2 Äquivalente, CH4 in CO2 Äquivalente, HFC in CO2 Äquivalente, PFC in CO2 Äquivalente, SF6 in CO2 Äquivalente, NF3 in CO2 Äquivalente)","E","Tonne","3 390 115.49"
"2013","Schweiz","Treibhausgase (CO2, N2O in CO2 Äquivalente, CH4 in CO2 Äquivalente, HFC in CO2 Äquivalente, PFC in CO2 Äquivalente, SF6 in CO2 Äquivalente, NF3 in CO2 Äquivalente)","E36","Tonne",":"
"2013","Schweiz","Treibhausgase (CO2, N2O in CO2 Äquivalente, CH4 in CO2 Äquivalente, HFC in CO2 Äquivalente, PFC in CO2 Äquivalente, SF6 in CO2 Äquivalente, NF3 in CO2 Äquivalente)","E37-E39","Tonne",":"
"2013","Schweiz","Treibhausgase (CO2, N2O in CO2 Äquivalente, CH4 in CO2 Äquivalente, HFC in CO2 Äquivalente, PFC in CO2 Äquivalente, SF6 in CO2 Äquivalente, NF3 in CO2 Äquivalente)","F","Tonne","1 251 272.36"
"2013","Schweiz","Treibhausgase (CO2, N2O in CO2 Äquivalente, CH4 in CO2 Äquivalente, HFC in CO2 Äquivalente, PFC in CO2 Äquivalente, SF6 in CO2 Äquivalente, NF3 in CO2 Äquivalente)","G","Tonne","2 178 485.76"
"2013","Schweiz","Treibhausgase (CO2, N2O in CO2 Äquivalente, CH4 in CO2 Äquivalente, HFC in CO2 Äquivalente, PFC in CO2 Äquivalente, SF6 in CO2 Äquivalente, NF3 in CO2 Äquivalente)","G45","Tonne","323 521"
"2013","Schweiz","Treibhausgase (CO2, N2O in CO2 Äquivalente, CH4 in CO2 Äquivalente, HFC in CO2 Äquivalente, PFC in CO2 Äquivalente, SF6 in CO2 Äquivalente, NF3 in CO2 Äquivalente)","G46","Tonne","822 021.34"
"2013","Schweiz","Treibhausgase (CO2, N2O in CO2 Äquivalente, CH4 in CO2 Äquivalente, HFC in CO2 Äquivalente, PFC in CO2 Äquivalente, SF6 in CO2 Äquivalente, NF3 in CO2 Äquivalente)","G47","Tonne","1 032 943.42"
"2013","Schweiz","Treibhausgase (CO2, N2O in CO2 Äquivalente, CH4 in CO2 Äquivalente, HFC in CO2 Äquivalente, PFC in CO2 Äquivalente, SF6 in CO2 Äquivalente, NF3 in CO2 Äquivalente)","H","Tonne","7 572 744.34"
"2013","Schweiz","Treibhausgase (CO2, N2O in CO2 Äquivalente, CH4 in CO2 Äquivalente, HFC in CO2 Äquivalente, PFC in CO2 Äquivalente, SF6 in CO2 Äquivalente, NF3 in CO2 Äquivalente)","H49","Tonne","7 152 515.08"
"2013","Schweiz","Treibhausgase (CO2, N2O in CO2 Äquivalente, CH4 in CO2 Äquivalente, HFC in CO2 Äquivalente, PFC in CO2 Äquivalente, SF6 in CO2 Äquivalente, NF3 in CO2 Äquivalente)","H50","Tonne","0"
"2013","Schweiz","Treibhausgase (CO2, N2O in CO2 Äquivalente, CH4 in CO2 Äquivalente, HFC in CO2 Äquivalente, PFC in CO2 Äquivalente, SF6 in CO2 Äquivalente, NF3 in CO2 Äquivalente)","H51","Tonne","0"
"2013","Schweiz","Treibhausgase (CO2, N2O in CO2 Äquivalente, CH4 in CO2 Äquivalente, HFC in CO2 Äquivalente, PFC in CO2 Äquivalente, SF6 in CO2 Äquivalente, NF3 in CO2 Äquivalente)","H52","Tonne","336 725.02"
"2013","Schweiz","Treibhausgase (CO2, N2O in CO2 Äquivalente, CH4 in CO2 Äquivalente, HFC in CO2 Äquivalente, PFC in CO2 Äquivalente, SF6 in CO2 Äquivalente, NF3 in CO2 Äquivalente)","H53","Tonne","83 504.24"
"2013","Schweiz","Treibhausgase (CO2, N2O in CO2 Äquivalente, CH4 in CO2 Äquivalente, HFC in CO2 Äquivalente, PFC in CO2 Äquivalente, SF6 in CO2 Äquivalente, NF3 in CO2 Äquivalente)","I","Tonne","774 560.79"
"2013","Schweiz","Treibhausgase (CO2, N2O in CO2 Äquivalente, CH4 in CO2 Äquivalente, HFC in CO2 Äquivalente, PFC in CO2 Äquivalente, SF6 in CO2 Äquivalente, NF3 in CO2 Äquivalente)","J","Tonne","151 127.77"
"2013","Schweiz","Treibhausgase (CO2, N2O in CO2 Äquivalente, CH4 in CO2 Äquivalente, HFC in CO2 Äquivalente, PFC in CO2 Äquivalente, SF6 in CO2 Äquivalente, NF3 in CO2 Äquivalente)","J58","Tonne",":"
"2013","Schweiz","Treibhausgase (CO2, N2O in CO2 Äquivalente, CH4 in CO2 Äquivalente, HFC in CO2 Äquivalente, PFC in CO2 Äquivalente, SF6 in CO2 Äquivalente, NF3 in CO2 Äquivalente)","J59_J60","Tonne",":"
"2013","Schweiz","Treibhausgase (CO2, N2O in CO2 Äquivalente, CH4 in CO2 Äquivalente, HFC in CO2 Äquivalente, PFC in CO2 Äquivalente, SF6 in CO2 Äquivalente, NF3 in CO2 Äquivalente)","J61","Tonne","45 072.58"
"2013","Schweiz","Treibhausgase (CO2, N2O in CO2 Äquivalente, CH4 in CO2 Äquivalente, HFC in CO2 Äquivalente, PFC in CO2 Äquivalente, SF6 in CO2 Äquivalente, NF3 in CO2 Äquivalente)","J62_J63","Tonne","82 177.8"
"2013","Schweiz","Treibhausgase (CO2, N2O in CO2 Äquivalente, CH4 in CO2 Äquivalente, HFC in CO2 Äquivalente, PFC in CO2 Äquivalente, SF6 in CO2 Äquivalente, NF3 in CO2 Äquivalente)","K","Tonne","323 247.26"
"2013","Schweiz","Treibhausgase (CO2, N2O in CO2 Äquivalente, CH4 in CO2 Äquivalente, HFC in CO2 Äquivalente, PFC in CO2 Äquivalente, SF6 in CO2 Äquivalente, NF3 in CO2 Äquivalente)","K64","Tonne","240 325.13"
"2013","Schweiz","Treibhausgase (CO2, N2O in CO2 Äquivalente, CH4 in CO2 Äquivalente, HFC in CO2 Äquivalente, PFC in CO2 Äquivalente, SF6 in CO2 Äquivalente, NF3 in CO2 Äquivalente)","K65","Tonne","82 922.13"
"2013","Schweiz","Treibhausgase (CO2, N2O in CO2 Äquivalente, CH4 in CO2 Äquivalente, HFC in CO2 Äquivalente, PFC in CO2 Äquivalente, SF6 in CO2 Äquivalente, NF3 in CO2 Äquivalente)","K66","Tonne","0"
"2013","Schweiz","Treibhausgase (CO2, N2O in CO2 Äquivalente, CH4 in CO2 Äquivalente, HFC in CO2 Äquivalente, PFC in CO2 Äquivalente, SF6 in CO2 Äquivalente, NF3 in CO2 Äquivalente)","L","Tonne","131 485.95"
"2013","Schweiz","Treibhausgase (CO2, N2O in CO2 Äquivalente, CH4 in CO2 Äquivalente, HFC in CO2 Äquivalente, PFC in CO2 Äquivalente, SF6 in CO2 Äquivalente, NF3 in CO2 Äquivalente)","L68A","Tonne",":"
"2013","Schweiz","Treibhausgase (CO2, N2O in CO2 Äquivalente, CH4 in CO2 Äquivalente, HFC in CO2 Äquivalente, PFC in CO2 Äquivalente, SF6 in CO2 Äquivalente, NF3 in CO2 Äquivalente)","M","Tonne","643 405.71"
"2013","Schweiz","Treibhausgase (CO2, N2O in CO2 Äquivalente, CH4 in CO2 Äquivalente, HFC in CO2 Äquivalente, PFC in CO2 Äquivalente, SF6 in CO2 Äquivalente, NF3 in CO2 Äquivalente)","M69_M70","Tonne",":"
"2013","Schweiz","Treibhausgase (CO2, N2O in CO2 Äquivalente, CH4 in CO2 Äquivalente, HFC in CO2 Äquivalente, PFC in CO2 Äquivalente, SF6 in CO2 Äquivalente, NF3 in CO2 Äquivalente)","M71","Tonne",":"
"2013","Schweiz","Treibhausgase (CO2, N2O in CO2 Äquivalente, CH4 in CO2 Äquivalente, HFC in CO2 Äquivalente, PFC in CO2 Äquivalente, SF6 in CO2 Äquivalente, NF3 in CO2 Äquivalente)","M72","Tonne","125 278.84"
"2013","Schweiz","Treibhausgase (CO2, N2O in CO2 Äquivalente, CH4 in CO2 Äquivalente, HFC in CO2 Äquivalente, PFC in CO2 Äquivalente, SF6 in CO2 Äquivalente, NF3 in CO2 Äquivalente)","M73","Tonne",":"
"2013","Schweiz","Treibhausgase (CO2, N2O in CO2 Äquivalente, CH4 in CO2 Äquivalente, HFC in CO2 Äquivalente, PFC in CO2 Äquivalente, SF6 in CO2 Äquivalente, NF3 in CO2 Äquivalente)","M74_M75","Tonne",":"
"2013","Schweiz","Treibhausgase (CO2, N2O in CO2 Äquivalente, CH4 in CO2 Äquivalente, HFC in CO2 Äquivalente, PFC in CO2 Äquivalente, SF6 in CO2 Äquivalente, NF3 in CO2 Äquivalente)","N","Tonne","253 913.5"
"2013","Schweiz","Treibhausgase (CO2, N2O in CO2 Äquivalente, CH4 in CO2 Äquivalente, HFC in CO2 Äquivalente, PFC in CO2 Äquivalente, SF6 in CO2 Äquivalente, NF3 in CO2 Äquivalente)","N77","Tonne",":"
"2013","Schweiz","Treibhausgase (CO2, N2O in CO2 Äquivalente, CH4 in CO2 Äquivalente, HFC in CO2 Äquivalente, PFC in CO2 Äquivalente, SF6 in CO2 Äquivalente, NF3 in CO2 Äquivalente)","N78","Tonne",":"
"2013","Schweiz","Treibhausgase (CO2, N2O in CO2 Äquivalente, CH4 in CO2 Äquivalente, HFC in CO2 Äquivalente, PFC in CO2 Äquivalente, SF6 in CO2 Äquivalente, NF3 in CO2 Äquivalente)","N79","Tonne",":"
"2013","Schweiz","Treibhausgase (CO2, N2O in CO2 Äquivalente, CH4 in CO2 Äquivalente, HFC in CO2 Äquivalente, PFC in CO2 Äquivalente, SF6 in CO2 Äquivalente, NF3 in CO2 Äquivalente)","N80-N82","Tonne",":"
"2013","Schweiz","Treibhausgase (CO2, N2O in CO2 Äquivalente, CH4 in CO2 Äquivalente, HFC in CO2 Äquivalente, PFC in CO2 Äquivalente, SF6 in CO2 Äquivalente, NF3 in CO2 Äquivalente)","O","Tonne","1 576 096.01"
"2013","Schweiz","Treibhausgase (CO2, N2O in CO2 Äquivalente, CH4 in CO2 Äquivalente, HFC in CO2 Äquivalente, PFC in CO2 Äquivalente, SF6 in CO2 Äquivalente, NF3 in CO2 Äquivalente)","P","Tonne","113 989.93"
"2013","Schweiz","Treibhausgase (CO2, N2O in CO2 Äquivalente, CH4 in CO2 Äquivalente, HFC in CO2 Äquivalente, PFC in CO2 Äquivalente, SF6 in CO2 Äquivalente, NF3 in CO2 Äquivalente)","Q","Tonne","798 743.06"
"2013","Schweiz","Treibhausgase (CO2, N2O in CO2 Äquivalente, CH4 in CO2 Äquivalente, HFC in CO2 Äquivalente, PFC in CO2 Äquivalente, SF6 in CO2 Äquivalente, NF3 in CO2 Äquivalente)","Q86","Tonne","445 750.9"
"2013","Schweiz","Treibhausgase (CO2, N2O in CO2 Äquivalente, CH4 in CO2 Äquivalente, HFC in CO2 Äquivalente, PFC in CO2 Äquivalente, SF6 in CO2 Äquivalente, NF3 in CO2 Äquivalente)","Q87_Q88","Tonne","352 992.16"
"2013","Schweiz","Treibhausgase (CO2, N2O in CO2 Äquivalente, CH4 in CO2 Äquivalente, HFC in CO2 Äquivalente, PFC in CO2 Äquivalente, SF6 in CO2 Äquivalente, NF3 in CO2 Äquivalente)","R","Tonne","171 973.94"
"2013","Schweiz","Treibhausgase (CO2, N2O in CO2 Äquivalente, CH4 in CO2 Äquivalente, HFC in CO2 Äquivalente, PFC in CO2 Äquivalente, SF6 in CO2 Äquivalente, NF3 in CO2 Äquivalente)","R90-R92","Tonne",":"
"2013","Schweiz","Treibhausgase (CO2, N2O in CO2 Äquivalente, CH4 in CO2 Äquivalente, HFC in CO2 Äquivalente, PFC in CO2 Äquivalente, SF6 in CO2 Äquivalente, NF3 in CO2 Äquivalente)","R93","Tonne",":"
"2013","Schweiz","Treibhausgase (CO2, N2O in CO2 Äquivalente, CH4 in CO2 Äquivalente, HFC in CO2 Äquivalente, PFC in CO2 Äquivalente, SF6 in CO2 Äquivalente, NF3 in CO2 Äquivalente)","S","Tonne","337 207.71"
"2013","Schweiz","Treibhausgase (CO2, N2O in CO2 Äquivalente, CH4 in CO2 Äquivalente, HFC in CO2 Äquivalente, PFC in CO2 Äquivalente, SF6 in CO2 Äquivalente, NF3 in CO2 Äquivalente)","S94","Tonne",":"
"2013","Schweiz","Treibhausgase (CO2, N2O in CO2 Äquivalente, CH4 in CO2 Äquivalente, HFC in CO2 Äquivalente, PFC in CO2 Äquivalente, SF6 in CO2 Äquivalente, NF3 in CO2 Äquivalente)","S95","Tonne",":"
"2013","Schweiz","Treibhausgase (CO2, N2O in CO2 Äquivalente, CH4 in CO2 Äquivalente, HFC in CO2 Äquivalente, PFC in CO2 Äquivalente, SF6 in CO2 Äquivalente, NF3 in CO2 Äquivalente)","S96","Tonne",":"
"2013","Schweiz","Treibhausgase (CO2, N2O in CO2 Äquivalente, CH4 in CO2 Äquivalente, HFC in CO2 Äquivalente, PFC in CO2 Äquivalente, SF6 in CO2 Äquivalente, NF3 in CO2 Äquivalente)","T","Tonne","0"
"2013","Schweiz","Treibhausgase (CO2, N2O in CO2 Äquivalente, CH4 in CO2 Äquivalente, HFC in CO2 Äquivalente, PFC in CO2 Äquivalente, SF6 in CO2 Äquivalente, NF3 in CO2 Äquivalente)","U","Tonne","0"
"2013","Schweiz","Treibhausgase (CO2, N2O in CO2 Äquivalente, CH4 in CO2 Äquivalente, HFC in CO2 Äquivalente, PFC in CO2 Äquivalente, SF6 in CO2 Äquivalente, NF3 in CO2 Äquivalente)","TOTAL_HH","Tonne","56 823 895.29"
"2013","Schweiz","Treibhausgase (CO2, N2O in CO2 Äquivalente, CH4 in CO2 Äquivalente, HFC in CO2 Äquivalente, PFC in CO2 Äquivalente, SF6 in CO2 Äquivalente, NF3 in CO2 Äquivalente)","HH","Tonne","20 732 029.61"
"2013","Schweiz","Treibhausgase (CO2, N2O in CO2 Äquivalente, CH4 in CO2 Äquivalente, HFC in CO2 Äquivalente, PFC in CO2 Äquivalente, SF6 in CO2 Äquivalente, NF3 in CO2 Äquivalente)","HH_HEAT","Tonne","10 314 028.54"
"2013","Schweiz","Treibhausgase (CO2, N2O in CO2 Äquivalente, CH4 in CO2 Äquivalente, HFC in CO2 Äquivalente, PFC in CO2 Äquivalente, SF6 in CO2 Äquivalente, NF3 in CO2 Äquivalente)","HH_TRA","Tonne","10 230 158.59"
"2013","Schweiz","Treibhausgase (CO2, N2O in CO2 Äquivalente, CH4 in CO2 Äquivalente, HFC in CO2 Äquivalente, PFC in CO2 Äquivalente, SF6 in CO2 Äquivalente, NF3 in CO2 Äquivalente)","HH_OTH","Tonne","187 842.49"
"2014","Schweiz","Treibhausgase (CO2, N2O in CO2 Äquivalente, CH4 in CO2 Äquivalente, HFC in CO2 Äquivalente, PFC in CO2 Äquivalente, SF6 in CO2 Äquivalente, NF3 in CO2 Äquivalente)","TOTAL","Tonne","34 630 506.67"
"2014","Schweiz","Treibhausgase (CO2, N2O in CO2 Äquivalente, CH4 in CO2 Äquivalente, HFC in CO2 Äquivalente, PFC in CO2 Äquivalente, SF6 in CO2 Äquivalente, NF3 in CO2 Äquivalente)","A","Tonne","7 054 148.66"
"2014","Schweiz","Treibhausgase (CO2, N2O in CO2 Äquivalente, CH4 in CO2 Äquivalente, HFC in CO2 Äquivalente, PFC in CO2 Äquivalente, SF6 in CO2 Äquivalente, NF3 in CO2 Äquivalente)","A01","Tonne",":"
"2014","Schweiz","Treibhausgase (CO2, N2O in CO2 Äquivalente, CH4 in CO2 Äquivalente, HFC in CO2 Äquivalente, PFC in CO2 Äquivalente, SF6 in CO2 Äquivalente, NF3 in CO2 Äquivalente)","A02","Tonne",":"
"2014","Schweiz","Treibhausgase (CO2, N2O in CO2 Äquivalente, CH4 in CO2 Äquivalente, HFC in CO2 Äquivalente, PFC in CO2 Äquivalente, SF6 in CO2 Äquivalente, NF3 in CO2 Äquivalente)","A03","Tonne",":"
"2014","Schweiz","Treibhausgase (CO2, N2O in CO2 Äquivalente, CH4 in CO2 Äquivalente, HFC in CO2 Äquivalente, PFC in CO2 Äquivalente, SF6 in CO2 Äquivalente, NF3 in CO2 Äquivalente)","B","Tonne","62 157.92"
"2014","Schweiz","Treibhausgase (CO2, N2O in CO2 Äquivalente, CH4 in CO2 Äquivalente, HFC in CO2 Äquivalente, PFC in CO2 Äquivalente, SF6 in CO2 Äquivalente, NF3 in CO2 Äquivalente)","C","Tonne","8 268 266.87"
"2014","Schweiz","Treibhausgase (CO2, N2O in CO2 Äquivalente, CH4 in CO2 Äquivalente, HFC in CO2 Äquivalente, PFC in CO2 Äquivalente, SF6 in CO2 Äquivalente, NF3 in CO2 Äquivalente)","C10-C12","Tonne","983 819.32"
"2014","Schweiz","Treibhausgase (CO2, N2O in CO2 Äquivalente, CH4 in CO2 Äquivalente, HFC in CO2 Äquivalente, PFC in CO2 Äquivalente, SF6 in CO2 Äquivalente, NF3 in CO2 Äquivalente)","C13-C15","Tonne","72 838.18"
"2014","Schweiz","Treibhausgase (CO2, N2O in CO2 Äquivalente, CH4 in CO2 Äquivalente, HFC in CO2 Äquivalente, PFC in CO2 Äquivalente, SF6 in CO2 Äquivalente, NF3 in CO2 Äquivalente)","C16","Tonne","102 007.37"
"2014","Schweiz","Treibhausgase (CO2, N2O in CO2 Äquivalente, CH4 in CO2 Äquivalente, HFC in CO2 Äquivalente, PFC in CO2 Äquivalente, SF6 in CO2 Äquivalente, NF3 in CO2 Äquivalente)","C17","Tonne","275 134.62"
"2014","Schweiz","Treibhausgase (CO2, N2O in CO2 Äquivalente, CH4 in CO2 Äquivalente, HFC in CO2 Äquivalente, PFC in CO2 Äquivalente, SF6 in CO2 Äquivalente, NF3 in CO2 Äquivalente)","C18","Tonne","76 616.63"
"2014","Schweiz","Treibhausgase (CO2, N2O in CO2 Äquivalente, CH4 in CO2 Äquivalente, HFC in CO2 Äquivalente, PFC in CO2 Äquivalente, SF6 in CO2 Äquivalente, NF3 in CO2 Äquivalente)","C19","Tonne","0"
"2014","Schweiz","Treibhausgase (CO2, N2O in CO2 Äquivalente, CH4 in CO2 Äquivalente, HFC in CO2 Äquivalente, PFC in CO2 Äquivalente, SF6 in CO2 Äquivalente, NF3 in CO2 Äquivalente)","C20","Tonne","1 875 685.34"
"2014","Schweiz","Treibhausgase (CO2, N2O in CO2 Äquivalente, CH4 in CO2 Äquivalente, HFC in CO2 Äquivalente, PFC in CO2 Äquivalente, SF6 in CO2 Äquivalente, NF3 in CO2 Äquivalente)","C21","Tonne","214 019.46"
"2014","Schweiz","Treibhausgase (CO2, N2O in CO2 Äquivalente, CH4 in CO2 Äquivalente, HFC in CO2 Äquivalente, PFC in CO2 Äquivalente, SF6 in CO2 Äquivalente, NF3 in CO2 Äquivalente)","C22","Tonne","75 995.51"
"2014","Schweiz","Treibhausgase (CO2, N2O in CO2 Äquivalente, CH4 in CO2 Äquivalente, HFC in CO2 Äquivalente, PFC in CO2 Äquivalente, SF6 in CO2 Äquivalente, NF3 in CO2 Äquivalente)","C23","Tonne","3 254 154.62"
"2014","Schweiz","Treibhausgase (CO2, N2O in CO2 Äquivalente, CH4 in CO2 Äquivalente, HFC in CO2 Äquivalente, PFC in CO2 Äquivalente, SF6 in CO2 Äquivalente, NF3 in CO2 Äquivalente)","C24","Tonne","443 047.97"
"2014","Schweiz","Treibhausgase (CO2, N2O in CO2 Äquivalente, CH4 in CO2 Äquivalente, HFC in CO2 Äquivalente, PFC in CO2 Äquivalente, SF6 in CO2 Äquivalente, NF3 in CO2 Äquivalente)","C25","Tonne","278 972.42"
"2014","Schweiz","Treibhausgase (CO2, N2O in CO2 Äquivalente, CH4 in CO2 Äquivalente, HFC in CO2 Äquivalente, PFC in CO2 Äquivalente, SF6 in CO2 Äquivalente, NF3 in CO2 Äquivalente)","C26","Tonne","183 929.31"
"2014","Schweiz","Treibhausgase (CO2, N2O in CO2 Äquivalente, CH4 in CO2 Äquivalente, HFC in CO2 Äquivalente, PFC in CO2 Äquivalente, SF6 in CO2 Äquivalente, NF3 in CO2 Äquivalente)","C27","Tonne","106 568.64"
"2014","Schweiz","Treibhausgase (CO2, N2O in CO2 Äquivalente, CH4 in CO2 Äquivalente, HFC in CO2 Äquivalente, PFC in CO2 Äquivalente, SF6 in CO2 Äquivalente, NF3 in CO2 Äquivalente)","C28","Tonne","181 854.13"
"2014","Schweiz","Treibhausgase (CO2, N2O in CO2 Äquivalente, CH4 in CO2 Äquivalente, HFC in CO2 Äquivalente, PFC in CO2 Äquivalente, SF6 in CO2 Äquivalente, NF3 in CO2 Äquivalente)","C29","Tonne","20 979.79"
"2014","Schweiz","Treibhausgase (CO2, N2O in CO2 Äquivalente, CH4 in CO2 Äquivalente, HFC in CO2 Äquivalente, PFC in CO2 Äquivalente, SF6 in CO2 Äquivalente, NF3 in CO2 Äquivalente)","C30","Tonne","32 234.46"
"2014","Schweiz","Treibhausgase (CO2, N2O in CO2 Äquivalente, CH4 in CO2 Äquivalente, HFC in CO2 Äquivalente, PFC in CO2 Äquivalente, SF6 in CO2 Äquivalente, NF3 in CO2 Äquivalente)","C31_C32","Tonne","60 851.36"
"2014","Schweiz","Treibhausgase (CO2, N2O in CO2 Äquivalente, CH4 in CO2 Äquivalente, HFC in CO2 Äquivalente, PFC in CO2 Äquivalente, SF6 in CO2 Äquivalente, NF3 in CO2 Äquivalente)","C33","Tonne","29 557.73"
"2014","Schweiz","Treibhausgase (CO2, N2O in CO2 Äquivalente, CH4 in CO2 Äquivalente, HFC in CO2 Äquivalente, PFC in CO2 Äquivalente, SF6 in CO2 Äquivalente, NF3 in CO2 Äquivalente)","D","Tonne","620 634.61"
"2014","Schweiz","Treibhausgase (CO2, N2O in CO2 Äquivalente, CH4 in CO2 Äquivalente, HFC in CO2 Äquivalente, PFC in CO2 Äquivalente, SF6 in CO2 Äquivalente, NF3 in CO2 Äquivalente)","E","Tonne","3 445 055.64"
"2014","Schweiz","Treibhausgase (CO2, N2O in CO2 Äquivalente, CH4 in CO2 Äquivalente, HFC in CO2 Äquivalente, PFC in CO2 Äquivalente, SF6 in CO2 Äquivalente, NF3 in CO2 Äquivalente)","E36","Tonne",":"
"2014","Schweiz","Treibhausgase (CO2, N2O in CO2 Äquivalente, CH4 in CO2 Äquivalente, HFC in CO2 Äquivalente, PFC in CO2 Äquivalente, SF6 in CO2 Äquivalente, NF3 in CO2 Äquivalente)","E37-E39","Tonne",":"
"2014","Schweiz","Treibhausgase (CO2, N2O in CO2 Äquivalente, CH4 in CO2 Äquivalente, HFC in CO2 Äquivalente, PFC in CO2 Äquivalente, SF6 in CO2 Äquivalente, NF3 in CO2 Äquivalente)","F","Tonne","1 191 553.69"
"2014","Schweiz","Treibhausgase (CO2, N2O in CO2 Äquivalente, CH4 in CO2 Äquivalente, HFC in CO2 Äquivalente, PFC in CO2 Äquivalente, SF6 in CO2 Äquivalente, NF3 in CO2 Äquivalente)","G","Tonne","1 924 088.42"
"2014","Schweiz","Treibhausgase (CO2, N2O in CO2 Äquivalente, CH4 in CO2 Äquivalente, HFC in CO2 Äquivalente, PFC in CO2 Äquivalente, SF6 in CO2 Äquivalente, NF3 in CO2 Äquivalente)","G45","Tonne","266 682.58"
"2014","Schweiz","Treibhausgase (CO2, N2O in CO2 Äquivalente, CH4 in CO2 Äquivalente, HFC in CO2 Äquivalente, PFC in CO2 Äquivalente, SF6 in CO2 Äquivalente, NF3 in CO2 Äquivalente)","G46","Tonne","731 840.65"
"2014","Schweiz","Treibhausgase (CO2, N2O in CO2 Äquivalente, CH4 in CO2 Äquivalente, HFC in CO2 Äquivalente, PFC in CO2 Äquivalente, SF6 in CO2 Äquivalente, NF3 in CO2 Äquivalente)","G47","Tonne","925 565.19"
"2014","Schweiz","Treibhausgase (CO2, N2O in CO2 Äquivalente, CH4 in CO2 Äquivalente, HFC in CO2 Äquivalente, PFC in CO2 Äquivalente, SF6 in CO2 Äquivalente, NF3 in CO2 Äquivalente)","H","Tonne","7 632 965.33"
"2014","Schweiz","Treibhausgase (CO2, N2O in CO2 Äquivalente, CH4 in CO2 Äquivalente, HFC in CO2 Äquivalente, PFC in CO2 Äquivalente, SF6 in CO2 Äquivalente, NF3 in CO2 Äquivalente)","H49","Tonne","7 284 870.3"
"2014","Schweiz","Treibhausgase (CO2, N2O in CO2 Äquivalente, CH4 in CO2 Äquivalente, HFC in CO2 Äquivalente, PFC in CO2 Äquivalente, SF6 in CO2 Äquivalente, NF3 in CO2 Äquivalente)","H50","Tonne","0"
"2014","Schweiz","Treibhausgase (CO2, N2O in CO2 Äquivalente, CH4 in CO2 Äquivalente, HFC in CO2 Äquivalente, PFC in CO2 Äquivalente, SF6 in CO2 Äquivalente, NF3 in CO2 Äquivalente)","H51","Tonne","0"
"2014","Schweiz","Treibhausgase (CO2, N2O in CO2 Äquivalente, CH4 in CO2 Äquivalente, HFC in CO2 Äquivalente, PFC in CO2 Äquivalente, SF6 in CO2 Äquivalente, NF3 in CO2 Äquivalente)","H52","Tonne","273 524.14"
"2014","Schweiz","Treibhausgase (CO2, N2O in CO2 Äquivalente, CH4 in CO2 Äquivalente, HFC in CO2 Äquivalente, PFC in CO2 Äquivalente, SF6 in CO2 Äquivalente, NF3 in CO2 Äquivalente)","H53","Tonne","74 570.89"
"2014","Schweiz","Treibhausgase (CO2, N2O in CO2 Äquivalente, CH4 in CO2 Äquivalente, HFC in CO2 Äquivalente, PFC in CO2 Äquivalente, SF6 in CO2 Äquivalente, NF3 in CO2 Äquivalente)","I","Tonne","609 794.11"
"2014","Schweiz","Treibhausgase (CO2, N2O in CO2 Äquivalente, CH4 in CO2 Äquivalente, HFC in CO2 Äquivalente, PFC in CO2 Äquivalente, SF6 in CO2 Äquivalente, NF3 in CO2 Äquivalente)","J","Tonne","129 506.62"
"2014","Schweiz","Treibhausgase (CO2, N2O in CO2 Äquivalente, CH4 in CO2 Äquivalente, HFC in CO2 Äquivalente, PFC in CO2 Äquivalente, SF6 in CO2 Äquivalente, NF3 in CO2 Äquivalente)","J58","Tonne",":"
"2014","Schweiz","Treibhausgase (CO2, N2O in CO2 Äquivalente, CH4 in CO2 Äquivalente, HFC in CO2 Äquivalente, PFC in CO2 Äquivalente, SF6 in CO2 Äquivalente, NF3 in CO2 Äquivalente)","J59_J60","Tonne",":"
"2014","Schweiz","Treibhausgase (CO2, N2O in CO2 Äquivalente, CH4 in CO2 Äquivalente, HFC in CO2 Äquivalente, PFC in CO2 Äquivalente, SF6 in CO2 Äquivalente, NF3 in CO2 Äquivalente)","J61","Tonne","38 048.29"
"2014","Schweiz","Treibhausgase (CO2, N2O in CO2 Äquivalente, CH4 in CO2 Äquivalente, HFC in CO2 Äquivalente, PFC in CO2 Äquivalente, SF6 in CO2 Äquivalente, NF3 in CO2 Äquivalente)","J62_J63","Tonne","71 030.64"
"2014","Schweiz","Treibhausgase (CO2, N2O in CO2 Äquivalente, CH4 in CO2 Äquivalente, HFC in CO2 Äquivalente, PFC in CO2 Äquivalente, SF6 in CO2 Äquivalente, NF3 in CO2 Äquivalente)","K","Tonne","260 266.01"
"2014","Schweiz","Treibhausgase (CO2, N2O in CO2 Äquivalente, CH4 in CO2 Äquivalente, HFC in CO2 Äquivalente, PFC in CO2 Äquivalente, SF6 in CO2 Äquivalente, NF3 in CO2 Äquivalente)","K64","Tonne","190 286.72"
"2014","Schweiz","Treibhausgase (CO2, N2O in CO2 Äquivalente, CH4 in CO2 Äquivalente, HFC in CO2 Äquivalente, PFC in CO2 Äquivalente, SF6 in CO2 Äquivalente, NF3 in CO2 Äquivalente)","K65","Tonne","69 979.29"
"2014","Schweiz","Treibhausgase (CO2, N2O in CO2 Äquivalente, CH4 in CO2 Äquivalente, HFC in CO2 Äquivalente, PFC in CO2 Äquivalente, SF6 in CO2 Äquivalente, NF3 in CO2 Äquivalente)","K66","Tonne","0"
"2014","Schweiz","Treibhausgase (CO2, N2O in CO2 Äquivalente, CH4 in CO2 Äquivalente, HFC in CO2 Äquivalente, PFC in CO2 Äquivalente, SF6 in CO2 Äquivalente, NF3 in CO2 Äquivalente)","L","Tonne","106 030.56"
"2014","Schweiz","Treibhausgase (CO2, N2O in CO2 Äquivalente, CH4 in CO2 Äquivalente, HFC in CO2 Äquivalente, PFC in CO2 Äquivalente, SF6 in CO2 Äquivalente, NF3 in CO2 Äquivalente)","L68A","Tonne",":"
"2014","Schweiz","Treibhausgase (CO2, N2O in CO2 Äquivalente, CH4 in CO2 Äquivalente, HFC in CO2 Äquivalente, PFC in CO2 Äquivalente, SF6 in CO2 Äquivalente, NF3 in CO2 Äquivalente)","M","Tonne","571 667.47"
"2014","Schweiz","Treibhausgase (CO2, N2O in CO2 Äquivalente, CH4 in CO2 Äquivalente, HFC in CO2 Äquivalente, PFC in CO2 Äquivalente, SF6 in CO2 Äquivalente, NF3 in CO2 Äquivalente)","M69_M70","Tonne",":"
"2014","Schweiz","Treibhausgase (CO2, N2O in CO2 Äquivalente, CH4 in CO2 Äquivalente, HFC in CO2 Äquivalente, PFC in CO2 Äquivalente, SF6 in CO2 Äquivalente, NF3 in CO2 Äquivalente)","M71","Tonne",":"
"2014","Schweiz","Treibhausgase (CO2, N2O in CO2 Äquivalente, CH4 in CO2 Äquivalente, HFC in CO2 Äquivalente, PFC in CO2 Äquivalente, SF6 in CO2 Äquivalente, NF3 in CO2 Äquivalente)","M72","Tonne","136 429.56"
"2014","Schweiz","Treibhausgase (CO2, N2O in CO2 Äquivalente, CH4 in CO2 Äquivalente, HFC in CO2 Äquivalente, PFC in CO2 Äquivalente, SF6 in CO2 Äquivalente, NF3 in CO2 Äquivalente)","M73","Tonne",":"
"2014","Schweiz","Treibhausgase (CO2, N2O in CO2 Äquivalente, CH4 in CO2 Äquivalente, HFC in CO2 Äquivalente, PFC in CO2 Äquivalente, SF6 in CO2 Äquivalente, NF3 in CO2 Äquivalente)","M74_M75","Tonne",":"
"2014","Schweiz","Treibhausgase (CO2, N2O in CO2 Äquivalente, CH4 in CO2 Äquivalente, HFC in CO2 Äquivalente, PFC in CO2 Äquivalente, SF6 in CO2 Äquivalente, NF3 in CO2 Äquivalente)","N","Tonne","233 101.09"
"2014","Schweiz","Treibhausgase (CO2, N2O in CO2 Äquivalente, CH4 in CO2 Äquivalente, HFC in CO2 Äquivalente, PFC in CO2 Äquivalente, SF6 in CO2 Äquivalente, NF3 in CO2 Äquivalente)","N77","Tonne",":"
"2014","Schweiz","Treibhausgase (CO2, N2O in CO2 Äquivalente, CH4 in CO2 Äquivalente, HFC in CO2 Äquivalente, PFC in CO2 Äquivalente, SF6 in CO2 Äquivalente, NF3 in CO2 Äquivalente)","N78","Tonne",":"
"2014","Schweiz","Treibhausgase (CO2, N2O in CO2 Äquivalente, CH4 in CO2 Äquivalente, HFC in CO2 Äquivalente, PFC in CO2 Äquivalente, SF6 in CO2 Äquivalente, NF3 in CO2 Äquivalente)","N79","Tonne",":"
"2014","Schweiz","Treibhausgase (CO2, N2O in CO2 Äquivalente, CH4 in CO2 Äquivalente, HFC in CO2 Äquivalente, PFC in CO2 Äquivalente, SF6 in CO2 Äquivalente, NF3 in CO2 Äquivalente)","N80-N82","Tonne",":"
"2014","Schweiz","Treibhausgase (CO2, N2O in CO2 Äquivalente, CH4 in CO2 Äquivalente, HFC in CO2 Äquivalente, PFC in CO2 Äquivalente, SF6 in CO2 Äquivalente, NF3 in CO2 Äquivalente)","O","Tonne","1 338 076.06"
"2014","Schweiz","Treibhausgase (CO2, N2O in CO2 Äquivalente, CH4 in CO2 Äquivalente, HFC in CO2 Äquivalente, PFC in CO2 Äquivalente, SF6 in CO2 Äquivalente, NF3 in CO2 Äquivalente)","P","Tonne","92 402.43"
"2014","Schweiz","Treibhausgase (CO2, N2O in CO2 Äquivalente, CH4 in CO2 Äquivalente, HFC in CO2 Äquivalente, PFC in CO2 Äquivalente, SF6 in CO2 Äquivalente, NF3 in CO2 Äquivalente)","Q","Tonne","659 400.42"
"2014","Schweiz","Treibhausgase (CO2, N2O in CO2 Äquivalente, CH4 in CO2 Äquivalente, HFC in CO2 Äquivalente, PFC in CO2 Äquivalente, SF6 in CO2 Äquivalente, NF3 in CO2 Äquivalente)","Q86","Tonne","369 181.39"
"2014","Schweiz","Treibhausgase (CO2, N2O in CO2 Äquivalente, CH4 in CO2 Äquivalente, HFC in CO2 Äquivalente, PFC in CO2 Äquivalente, SF6 in CO2 Äquivalente, NF3 in CO2 Äquivalente)","Q87_Q88","Tonne","290 219.03"
"2014","Schweiz","Treibhausgase (CO2, N2O in CO2 Äquivalente, CH4 in CO2 Äquivalente, HFC in CO2 Äquivalente, PFC in CO2 Äquivalente, SF6 in CO2 Äquivalente, NF3 in CO2 Äquivalente)","R","Tonne","157 119.66"
"2014","Schweiz","Treibhausgase (CO2, N2O in CO2 Äquivalente, CH4 in CO2 Äquivalente, HFC in CO2 Äquivalente, PFC in CO2 Äquivalente, SF6 in CO2 Äquivalente, NF3 in CO2 Äquivalente)","R90-R92","Tonne",":"
"2014","Schweiz","Treibhausgase (CO2, N2O in CO2 Äquivalente, CH4 in CO2 Äquivalente, HFC in CO2 Äquivalente, PFC in CO2 Äquivalente, SF6 in CO2 Äquivalente, NF3 in CO2 Äquivalente)","R93","Tonne",":"
"2014","Schweiz","Treibhausgase (CO2, N2O in CO2 Äquivalente, CH4 in CO2 Äquivalente, HFC in CO2 Äquivalente, PFC in CO2 Äquivalente, SF6 in CO2 Äquivalente, NF3 in CO2 Äquivalente)","S","Tonne","274 271.1"
"2014","Schweiz","Treibhausgase (CO2, N2O in CO2 Äquivalente, CH4 in CO2 Äquivalente, HFC in CO2 Äquivalente, PFC in CO2 Äquivalente, SF6 in CO2 Äquivalente, NF3 in CO2 Äquivalente)","S94","Tonne",":"
"2014","Schweiz","Treibhausgase (CO2, N2O in CO2 Äquivalente, CH4 in CO2 Äquivalente, HFC in CO2 Äquivalente, PFC in CO2 Äquivalente, SF6 in CO2 Äquivalente, NF3 in CO2 Äquivalente)","S95","Tonne",":"
"2014","Schweiz","Treibhausgase (CO2, N2O in CO2 Äquivalente, CH4 in CO2 Äquivalente, HFC in CO2 Äquivalente, PFC in CO2 Äquivalente, SF6 in CO2 Äquivalente, NF3 in CO2 Äquivalente)","S96","Tonne",":"
"2014","Schweiz","Treibhausgase (CO2, N2O in CO2 Äquivalente, CH4 in CO2 Äquivalente, HFC in CO2 Äquivalente, PFC in CO2 Äquivalente, SF6 in CO2 Äquivalente, NF3 in CO2 Äquivalente)","T","Tonne","0"
"2014","Schweiz","Treibhausgase (CO2, N2O in CO2 Äquivalente, CH4 in CO2 Äquivalente, HFC in CO2 Äquivalente, PFC in CO2 Äquivalente, SF6 in CO2 Äquivalente, NF3 in CO2 Äquivalente)","U","Tonne","0"
"2014","Schweiz","Treibhausgase (CO2, N2O in CO2 Äquivalente, CH4 in CO2 Äquivalente, HFC in CO2 Äquivalente, PFC in CO2 Äquivalente, SF6 in CO2 Äquivalente, NF3 in CO2 Äquivalente)","TOTAL_HH","Tonne","53 221 656.9"
"2014","Schweiz","Treibhausgase (CO2, N2O in CO2 Äquivalente, CH4 in CO2 Äquivalente, HFC in CO2 Äquivalente, PFC in CO2 Äquivalente, SF6 in CO2 Äquivalente, NF3 in CO2 Äquivalente)","HH","Tonne","18 591 150.23"
"2014","Schweiz","Treibhausgase (CO2, N2O in CO2 Äquivalente, CH4 in CO2 Äquivalente, HFC in CO2 Äquivalente, PFC in CO2 Äquivalente, SF6 in CO2 Äquivalente, NF3 in CO2 Äquivalente)","HH_HEAT","Tonne","8 012 689.56"
"2014","Schweiz","Treibhausgase (CO2, N2O in CO2 Äquivalente, CH4 in CO2 Äquivalente, HFC in CO2 Äquivalente, PFC in CO2 Äquivalente, SF6 in CO2 Äquivalente, NF3 in CO2 Äquivalente)","HH_TRA","Tonne","10 391 962"
"2014","Schweiz","Treibhausgase (CO2, N2O in CO2 Äquivalente, CH4 in CO2 Äquivalente, HFC in CO2 Äquivalente, PFC in CO2 Äquivalente, SF6 in CO2 Äquivalente, NF3 in CO2 Äquivalente)","HH_OTH","Tonne","186 498.67"
"2015","Schweiz","Treibhausgase (CO2, N2O in CO2 Äquivalente, CH4 in CO2 Äquivalente, HFC in CO2 Äquivalente, PFC in CO2 Äquivalente, SF6 in CO2 Äquivalente, NF3 in CO2 Äquivalente)","TOTAL","Tonne","34 307 570.15"
"2015","Schweiz","Treibhausgase (CO2, N2O in CO2 Äquivalente, CH4 in CO2 Äquivalente, HFC in CO2 Äquivalente, PFC in CO2 Äquivalente, SF6 in CO2 Äquivalente, NF3 in CO2 Äquivalente)","A","Tonne","7 040 466.36"
"2015","Schweiz","Treibhausgase (CO2, N2O in CO2 Äquivalente, CH4 in CO2 Äquivalente, HFC in CO2 Äquivalente, PFC in CO2 Äquivalente, SF6 in CO2 Äquivalente, NF3 in CO2 Äquivalente)","A01","Tonne",":"
"2015","Schweiz","Treibhausgase (CO2, N2O in CO2 Äquivalente, CH4 in CO2 Äquivalente, HFC in CO2 Äquivalente, PFC in CO2 Äquivalente, SF6 in CO2 Äquivalente, NF3 in CO2 Äquivalente)","A02","Tonne",":"
"2015","Schweiz","Treibhausgase (CO2, N2O in CO2 Äquivalente, CH4 in CO2 Äquivalente, HFC in CO2 Äquivalente, PFC in CO2 Äquivalente, SF6 in CO2 Äquivalente, NF3 in CO2 Äquivalente)","A03","Tonne",":"
"2015","Schweiz","Treibhausgase (CO2, N2O in CO2 Äquivalente, CH4 in CO2 Äquivalente, HFC in CO2 Äquivalente, PFC in CO2 Äquivalente, SF6 in CO2 Äquivalente, NF3 in CO2 Äquivalente)","B","Tonne","59 835.13"
"2015","Schweiz","Treibhausgase (CO2, N2O in CO2 Äquivalente, CH4 in CO2 Äquivalente, HFC in CO2 Äquivalente, PFC in CO2 Äquivalente, SF6 in CO2 Äquivalente, NF3 in CO2 Äquivalente)","C","Tonne","7 428 711.37"
"2015","Schweiz","Treibhausgase (CO2, N2O in CO2 Äquivalente, CH4 in CO2 Äquivalente, HFC in CO2 Äquivalente, PFC in CO2 Äquivalente, SF6 in CO2 Äquivalente, NF3 in CO2 Äquivalente)","C10-C12","Tonne","931 697.16"
"2015","Schweiz","Treibhausgase (CO2, N2O in CO2 Äquivalente, CH4 in CO2 Äquivalente, HFC in CO2 Äquivalente, PFC in CO2 Äquivalente, SF6 in CO2 Äquivalente, NF3 in CO2 Äquivalente)","C13-C15","Tonne","68 623.65"
"2015","Schweiz","Treibhausgase (CO2, N2O in CO2 Äquivalente, CH4 in CO2 Äquivalente, HFC in CO2 Äquivalente, PFC in CO2 Äquivalente, SF6 in CO2 Äquivalente, NF3 in CO2 Äquivalente)","C16","Tonne","99 903.87"
"2015","Schweiz","Treibhausgase (CO2, N2O in CO2 Äquivalente, CH4 in CO2 Äquivalente, HFC in CO2 Äquivalente, PFC in CO2 Äquivalente, SF6 in CO2 Äquivalente, NF3 in CO2 Äquivalente)","C17","Tonne","220 991.11"
"2015","Schweiz","Treibhausgase (CO2, N2O in CO2 Äquivalente, CH4 in CO2 Äquivalente, HFC in CO2 Äquivalente, PFC in CO2 Äquivalente, SF6 in CO2 Äquivalente, NF3 in CO2 Äquivalente)","C18","Tonne","74 970.13"
"2015","Schweiz","Treibhausgase (CO2, N2O in CO2 Äquivalente, CH4 in CO2 Äquivalente, HFC in CO2 Äquivalente, PFC in CO2 Äquivalente, SF6 in CO2 Äquivalente, NF3 in CO2 Äquivalente)","C19","Tonne","0"
"2015","Schweiz","Treibhausgase (CO2, N2O in CO2 Äquivalente, CH4 in CO2 Äquivalente, HFC in CO2 Äquivalente, PFC in CO2 Äquivalente, SF6 in CO2 Äquivalente, NF3 in CO2 Äquivalente)","C20","Tonne","1 416 155.32"
"2015","Schweiz","Treibhausgase (CO2, N2O in CO2 Äquivalente, CH4 in CO2 Äquivalente, HFC in CO2 Äquivalente, PFC in CO2 Äquivalente, SF6 in CO2 Äquivalente, NF3 in CO2 Äquivalente)","C21","Tonne","215 022.46"
"2015","Schweiz","Treibhausgase (CO2, N2O in CO2 Äquivalente, CH4 in CO2 Äquivalente, HFC in CO2 Äquivalente, PFC in CO2 Äquivalente, SF6 in CO2 Äquivalente, NF3 in CO2 Äquivalente)","C22","Tonne","80 922.13"
"2015","Schweiz","Treibhausgase (CO2, N2O in CO2 Äquivalente, CH4 in CO2 Äquivalente, HFC in CO2 Äquivalente, PFC in CO2 Äquivalente, SF6 in CO2 Äquivalente, NF3 in CO2 Äquivalente)","C23","Tonne","2 985 565.6"
"2015","Schweiz","Treibhausgase (CO2, N2O in CO2 Äquivalente, CH4 in CO2 Äquivalente, HFC in CO2 Äquivalente, PFC in CO2 Äquivalente, SF6 in CO2 Äquivalente, NF3 in CO2 Äquivalente)","C24","Tonne","443 269.33"
"2015","Schweiz","Treibhausgase (CO2, N2O in CO2 Äquivalente, CH4 in CO2 Äquivalente, HFC in CO2 Äquivalente, PFC in CO2 Äquivalente, SF6 in CO2 Äquivalente, NF3 in CO2 Äquivalente)","C25","Tonne","282 057.56"
"2015","Schweiz","Treibhausgase (CO2, N2O in CO2 Äquivalente, CH4 in CO2 Äquivalente, HFC in CO2 Äquivalente, PFC in CO2 Äquivalente, SF6 in CO2 Äquivalente, NF3 in CO2 Äquivalente)","C26","Tonne","173 099.99"
"2015","Schweiz","Treibhausgase (CO2, N2O in CO2 Äquivalente, CH4 in CO2 Äquivalente, HFC in CO2 Äquivalente, PFC in CO2 Äquivalente, SF6 in CO2 Äquivalente, NF3 in CO2 Äquivalente)","C27","Tonne","106 038.74"
"2015","Schweiz","Treibhausgase (CO2, N2O in CO2 Äquivalente, CH4 in CO2 Äquivalente, HFC in CO2 Äquivalente, PFC in CO2 Äquivalente, SF6 in CO2 Äquivalente, NF3 in CO2 Äquivalente)","C28","Tonne","184 234.29"
"2015","Schweiz","Treibhausgase (CO2, N2O in CO2 Äquivalente, CH4 in CO2 Äquivalente, HFC in CO2 Äquivalente, PFC in CO2 Äquivalente, SF6 in CO2 Äquivalente, NF3 in CO2 Äquivalente)","C29","Tonne","20 601.31"
"2015","Schweiz","Treibhausgase (CO2, N2O in CO2 Äquivalente, CH4 in CO2 Äquivalente, HFC in CO2 Äquivalente, PFC in CO2 Äquivalente, SF6 in CO2 Äquivalente, NF3 in CO2 Äquivalente)","C30","Tonne","33 306.37"
"2015","Schweiz","Treibhausgase (CO2, N2O in CO2 Äquivalente, CH4 in CO2 Äquivalente, HFC in CO2 Äquivalente, PFC in CO2 Äquivalente, SF6 in CO2 Äquivalente, NF3 in CO2 Äquivalente)","C31_C32","Tonne","63 437.82"
"2015","Schweiz","Treibhausgase (CO2, N2O in CO2 Äquivalente, CH4 in CO2 Äquivalente, HFC in CO2 Äquivalente, PFC in CO2 Äquivalente, SF6 in CO2 Äquivalente, NF3 in CO2 Äquivalente)","C33","Tonne","28 814.55"
"2015","Schweiz","Treibhausgase (CO2, N2O in CO2 Äquivalente, CH4 in CO2 Äquivalente, HFC in CO2 Äquivalente, PFC in CO2 Äquivalente, SF6 in CO2 Äquivalente, NF3 in CO2 Äquivalente)","D","Tonne","717 733.78"
"2015","Schweiz","Treibhausgase (CO2, N2O in CO2 Äquivalente, CH4 in CO2 Äquivalente, HFC in CO2 Äquivalente, PFC in CO2 Äquivalente, SF6 in CO2 Äquivalente, NF3 in CO2 Äquivalente)","E","Tonne","3 575 116.21"
"2015","Schweiz","Treibhausgase (CO2, N2O in CO2 Äquivalente, CH4 in CO2 Äquivalente, HFC in CO2 Äquivalente, PFC in CO2 Äquivalente, SF6 in CO2 Äquivalente, NF3 in CO2 Äquivalente)","E36","Tonne",":"
"2015","Schweiz","Treibhausgase (CO2, N2O in CO2 Äquivalente, CH4 in CO2 Äquivalente, HFC in CO2 Äquivalente, PFC in CO2 Äquivalente, SF6 in CO2 Äquivalente, NF3 in CO2 Äquivalente)","E37-E39","Tonne",":"
"2015","Schweiz","Treibhausgase (CO2, N2O in CO2 Äquivalente, CH4 in CO2 Äquivalente, HFC in CO2 Äquivalente, PFC in CO2 Äquivalente, SF6 in CO2 Äquivalente, NF3 in CO2 Äquivalente)","F","Tonne","1 163 009.32"
"2015","Schweiz","Treibhausgase (CO2, N2O in CO2 Äquivalente, CH4 in CO2 Äquivalente, HFC in CO2 Äquivalente, PFC in CO2 Äquivalente, SF6 in CO2 Äquivalente, NF3 in CO2 Äquivalente)","G","Tonne","1 910 183.97"
"2015","Schweiz","Treibhausgase (CO2, N2O in CO2 Äquivalente, CH4 in CO2 Äquivalente, HFC in CO2 Äquivalente, PFC in CO2 Äquivalente, SF6 in CO2 Äquivalente, NF3 in CO2 Äquivalente)","G45","Tonne","271 919.39"
"2015","Schweiz","Treibhausgase (CO2, N2O in CO2 Äquivalente, CH4 in CO2 Äquivalente, HFC in CO2 Äquivalente, PFC in CO2 Äquivalente, SF6 in CO2 Äquivalente, NF3 in CO2 Äquivalente)","G46","Tonne","743 903.36"
"2015","Schweiz","Treibhausgase (CO2, N2O in CO2 Äquivalente, CH4 in CO2 Äquivalente, HFC in CO2 Äquivalente, PFC in CO2 Äquivalente, SF6 in CO2 Äquivalente, NF3 in CO2 Äquivalente)","G47","Tonne","894 361.22"
"2015","Schweiz","Treibhausgase (CO2, N2O in CO2 Äquivalente, CH4 in CO2 Äquivalente, HFC in CO2 Äquivalente, PFC in CO2 Äquivalente, SF6 in CO2 Äquivalente, NF3 in CO2 Äquivalente)","H","Tonne","7 984 539.42"
"2015","Schweiz","Treibhausgase (CO2, N2O in CO2 Äquivalente, CH4 in CO2 Äquivalente, HFC in CO2 Äquivalente, PFC in CO2 Äquivalente, SF6 in CO2 Äquivalente, NF3 in CO2 Äquivalente)","H49","Tonne","7 605 922.59"
"2015","Schweiz","Treibhausgase (CO2, N2O in CO2 Äquivalente, CH4 in CO2 Äquivalente, HFC in CO2 Äquivalente, PFC in CO2 Äquivalente, SF6 in CO2 Äquivalente, NF3 in CO2 Äquivalente)","H50","Tonne","0"
"2015","Schweiz","Treibhausgase (CO2, N2O in CO2 Äquivalente, CH4 in CO2 Äquivalente, HFC in CO2 Äquivalente, PFC in CO2 Äquivalente, SF6 in CO2 Äquivalente, NF3 in CO2 Äquivalente)","H51","Tonne","0"
"2015","Schweiz","Treibhausgase (CO2, N2O in CO2 Äquivalente, CH4 in CO2 Äquivalente, HFC in CO2 Äquivalente, PFC in CO2 Äquivalente, SF6 in CO2 Äquivalente, NF3 in CO2 Äquivalente)","H52","Tonne","299 978.49"
"2015","Schweiz","Treibhausgase (CO2, N2O in CO2 Äquivalente, CH4 in CO2 Äquivalente, HFC in CO2 Äquivalente, PFC in CO2 Äquivalente, SF6 in CO2 Äquivalente, NF3 in CO2 Äquivalente)","H53","Tonne","78 638.33"
"2015","Schweiz","Treibhausgase (CO2, N2O in CO2 Äquivalente, CH4 in CO2 Äquivalente, HFC in CO2 Äquivalente, PFC in CO2 Äquivalente, SF6 in CO2 Äquivalente, NF3 in CO2 Äquivalente)","I","Tonne","585 184.13"
"2015","Schweiz","Treibhausgase (CO2, N2O in CO2 Äquivalente, CH4 in CO2 Äquivalente, HFC in CO2 Äquivalente, PFC in CO2 Äquivalente, SF6 in CO2 Äquivalente, NF3 in CO2 Äquivalente)","J","Tonne","125 281.83"
"2015","Schweiz","Treibhausgase (CO2, N2O in CO2 Äquivalente, CH4 in CO2 Äquivalente, HFC in CO2 Äquivalente, PFC in CO2 Äquivalente, SF6 in CO2 Äquivalente, NF3 in CO2 Äquivalente)","J58","Tonne",":"
"2015","Schweiz","Treibhausgase (CO2, N2O in CO2 Äquivalente, CH4 in CO2 Äquivalente, HFC in CO2 Äquivalente, PFC in CO2 Äquivalente, SF6 in CO2 Äquivalente, NF3 in CO2 Äquivalente)","J59_J60","Tonne",":"
"2015","Schweiz","Treibhausgase (CO2, N2O in CO2 Äquivalente, CH4 in CO2 Äquivalente, HFC in CO2 Äquivalente, PFC in CO2 Äquivalente, SF6 in CO2 Äquivalente, NF3 in CO2 Äquivalente)","J61","Tonne","39 986.42"
"2015","Schweiz","Treibhausgase (CO2, N2O in CO2 Äquivalente, CH4 in CO2 Äquivalente, HFC in CO2 Äquivalente, PFC in CO2 Äquivalente, SF6 in CO2 Äquivalente, NF3 in CO2 Äquivalente)","J62_J63","Tonne","67 338.41"
"2015","Schweiz","Treibhausgase (CO2, N2O in CO2 Äquivalente, CH4 in CO2 Äquivalente, HFC in CO2 Äquivalente, PFC in CO2 Äquivalente, SF6 in CO2 Äquivalente, NF3 in CO2 Äquivalente)","K","Tonne","228 250.85"
"2015","Schweiz","Treibhausgase (CO2, N2O in CO2 Äquivalente, CH4 in CO2 Äquivalente, HFC in CO2 Äquivalente, PFC in CO2 Äquivalente, SF6 in CO2 Äquivalente, NF3 in CO2 Äquivalente)","K64","Tonne","165 267.76"
"2015","Schweiz","Treibhausgase (CO2, N2O in CO2 Äquivalente, CH4 in CO2 Äquivalente, HFC in CO2 Äquivalente, PFC in CO2 Äquivalente, SF6 in CO2 Äquivalente, NF3 in CO2 Äquivalente)","K65","Tonne","62 983.1"
"2015","Schweiz","Treibhausgase (CO2, N2O in CO2 Äquivalente, CH4 in CO2 Äquivalente, HFC in CO2 Äquivalente, PFC in CO2 Äquivalente, SF6 in CO2 Äquivalente, NF3 in CO2 Äquivalente)","K66","Tonne","0"
"2015","Schweiz","Treibhausgase (CO2, N2O in CO2 Äquivalente, CH4 in CO2 Äquivalente, HFC in CO2 Äquivalente, PFC in CO2 Äquivalente, SF6 in CO2 Äquivalente, NF3 in CO2 Äquivalente)","L","Tonne","103 265.55"
"2015","Schweiz","Treibhausgase (CO2, N2O in CO2 Äquivalente, CH4 in CO2 Äquivalente, HFC in CO2 Äquivalente, PFC in CO2 Äquivalente, SF6 in CO2 Äquivalente, NF3 in CO2 Äquivalente)","L68A","Tonne",":"
"2015","Schweiz","Treibhausgase (CO2, N2O in CO2 Äquivalente, CH4 in CO2 Äquivalente, HFC in CO2 Äquivalente, PFC in CO2 Äquivalente, SF6 in CO2 Äquivalente, NF3 in CO2 Äquivalente)","M","Tonne","622 307.44"
"2015","Schweiz","Treibhausgase (CO2, N2O in CO2 Äquivalente, CH4 in CO2 Äquivalente, HFC in CO2 Äquivalente, PFC in CO2 Äquivalente, SF6 in CO2 Äquivalente, NF3 in CO2 Äquivalente)","M69_M70","Tonne",":"
"2015","Schweiz","Treibhausgase (CO2, N2O in CO2 Äquivalente, CH4 in CO2 Äquivalente, HFC in CO2 Äquivalente, PFC in CO2 Äquivalente, SF6 in CO2 Äquivalente, NF3 in CO2 Äquivalente)","M71","Tonne",":"
"2015","Schweiz","Treibhausgase (CO2, N2O in CO2 Äquivalente, CH4 in CO2 Äquivalente, HFC in CO2 Äquivalente, PFC in CO2 Äquivalente, SF6 in CO2 Äquivalente, NF3 in CO2 Äquivalente)","M72","Tonne","153 804.31"
"2015","Schweiz","Treibhausgase (CO2, N2O in CO2 Äquivalente, CH4 in CO2 Äquivalente, HFC in CO2 Äquivalente, PFC in CO2 Äquivalente, SF6 in CO2 Äquivalente, NF3 in CO2 Äquivalente)","M73","Tonne",":"
"2015","Schweiz","Treibhausgase (CO2, N2O in CO2 Äquivalente, CH4 in CO2 Äquivalente, HFC in CO2 Äquivalente, PFC in CO2 Äquivalente, SF6 in CO2 Äquivalente, NF3 in CO2 Äquivalente)","M74_M75","Tonne",":"
"2015","Schweiz","Treibhausgase (CO2, N2O in CO2 Äquivalente, CH4 in CO2 Äquivalente, HFC in CO2 Äquivalente, PFC in CO2 Äquivalente, SF6 in CO2 Äquivalente, NF3 in CO2 Äquivalente)","N","Tonne","218 147.28"
"2015","Schweiz","Treibhausgase (CO2, N2O in CO2 Äquivalente, CH4 in CO2 Äquivalente, HFC in CO2 Äquivalente, PFC in CO2 Äquivalente, SF6 in CO2 Äquivalente, NF3 in CO2 Äquivalente)","N77","Tonne",":"
"2015","Schweiz","Treibhausgase (CO2, N2O in CO2 Äquivalente, CH4 in CO2 Äquivalente, HFC in CO2 Äquivalente, PFC in CO2 Äquivalente, SF6 in CO2 Äquivalente, NF3 in CO2 Äquivalente)","N78","Tonne",":"
"2015","Schweiz","Treibhausgase (CO2, N2O in CO2 Äquivalente, CH4 in CO2 Äquivalente, HFC in CO2 Äquivalente, PFC in CO2 Äquivalente, SF6 in CO2 Äquivalente, NF3 in CO2 Äquivalente)","N79","Tonne",":"
"2015","Schweiz","Treibhausgase (CO2, N2O in CO2 Äquivalente, CH4 in CO2 Äquivalente, HFC in CO2 Äquivalente, PFC in CO2 Äquivalente, SF6 in CO2 Äquivalente, NF3 in CO2 Äquivalente)","N80-N82","Tonne",":"
"2015","Schweiz","Treibhausgase (CO2, N2O in CO2 Äquivalente, CH4 in CO2 Äquivalente, HFC in CO2 Äquivalente, PFC in CO2 Äquivalente, SF6 in CO2 Äquivalente, NF3 in CO2 Äquivalente)","O","Tonne","1 325 573.34"
"2015","Schweiz","Treibhausgase (CO2, N2O in CO2 Äquivalente, CH4 in CO2 Äquivalente, HFC in CO2 Äquivalente, PFC in CO2 Äquivalente, SF6 in CO2 Äquivalente, NF3 in CO2 Äquivalente)","P","Tonne","90 515.11"
"2015","Schweiz","Treibhausgase (CO2, N2O in CO2 Äquivalente, CH4 in CO2 Äquivalente, HFC in CO2 Äquivalente, PFC in CO2 Äquivalente, SF6 in CO2 Äquivalente, NF3 in CO2 Äquivalente)","Q","Tonne","676 645.4"
"2015","Schweiz","Treibhausgase (CO2, N2O in CO2 Äquivalente, CH4 in CO2 Äquivalente, HFC in CO2 Äquivalente, PFC in CO2 Äquivalente, SF6 in CO2 Äquivalente, NF3 in CO2 Äquivalente)","Q86","Tonne","375 494.67"
"2015","Schweiz","Treibhausgase (CO2, N2O in CO2 Äquivalente, CH4 in CO2 Äquivalente, HFC in CO2 Äquivalente, PFC in CO2 Äquivalente, SF6 in CO2 Äquivalente, NF3 in CO2 Äquivalente)","Q87_Q88","Tonne","301 150.74"
"2015","Schweiz","Treibhausgase (CO2, N2O in CO2 Äquivalente, CH4 in CO2 Äquivalente, HFC in CO2 Äquivalente, PFC in CO2 Äquivalente, SF6 in CO2 Äquivalente, NF3 in CO2 Äquivalente)","R","Tonne","163 467.49"
"2015","Schweiz","Treibhausgase (CO2, N2O in CO2 Äquivalente, CH4 in CO2 Äquivalente, HFC in CO2 Äquivalente, PFC in CO2 Äquivalente, SF6 in CO2 Äquivalente, NF3 in CO2 Äquivalente)","R90-R92","Tonne",":"
"2015","Schweiz","Treibhausgase (CO2, N2O in CO2 Äquivalente, CH4 in CO2 Äquivalente, HFC in CO2 Äquivalente, PFC in CO2 Äquivalente, SF6 in CO2 Äquivalente, NF3 in CO2 Äquivalente)","R93","Tonne",":"
"2015","Schweiz","Treibhausgase (CO2, N2O in CO2 Äquivalente, CH4 in CO2 Äquivalente, HFC in CO2 Äquivalente, PFC in CO2 Äquivalente, SF6 in CO2 Äquivalente, NF3 in CO2 Äquivalente)","S","Tonne","289 336.17"
"2015","Schweiz","Treibhausgase (CO2, N2O in CO2 Äquivalente, CH4 in CO2 Äquivalente, HFC in CO2 Äquivalente, PFC in CO2 Äquivalente, SF6 in CO2 Äquivalente, NF3 in CO2 Äquivalente)","S94","Tonne",":"
"2015","Schweiz","Treibhausgase (CO2, N2O in CO2 Äquivalente, CH4 in CO2 Äquivalente, HFC in CO2 Äquivalente, PFC in CO2 Äquivalente, SF6 in CO2 Äquivalente, NF3 in CO2 Äquivalente)","S95","Tonne",":"
"2015","Schweiz","Treibhausgase (CO2, N2O in CO2 Äquivalente, CH4 in CO2 Äquivalente, HFC in CO2 Äquivalente, PFC in CO2 Äquivalente, SF6 in CO2 Äquivalente, NF3 in CO2 Äquivalente)","S96","Tonne",":"
"2015","Schweiz","Treibhausgase (CO2, N2O in CO2 Äquivalente, CH4 in CO2 Äquivalente, HFC in CO2 Äquivalente, PFC in CO2 Äquivalente, SF6 in CO2 Äquivalente, NF3 in CO2 Äquivalente)","T","Tonne","0"
"2015","Schweiz","Treibhausgase (CO2, N2O in CO2 Äquivalente, CH4 in CO2 Äquivalente, HFC in CO2 Äquivalente, PFC in CO2 Äquivalente, SF6 in CO2 Äquivalente, NF3 in CO2 Äquivalente)","U","Tonne","0"
"2015","Schweiz","Treibhausgase (CO2, N2O in CO2 Äquivalente, CH4 in CO2 Äquivalente, HFC in CO2 Äquivalente, PFC in CO2 Äquivalente, SF6 in CO2 Äquivalente, NF3 in CO2 Äquivalente)","TOTAL_HH","Tonne","53 560 582.4"
"2015","Schweiz","Treibhausgase (CO2, N2O in CO2 Äquivalente, CH4 in CO2 Äquivalente, HFC in CO2 Äquivalente, PFC in CO2 Äquivalente, SF6 in CO2 Äquivalente, NF3 in CO2 Äquivalente)","HH","Tonne","19 253 012.25"
"2015","Schweiz","Treibhausgase (CO2, N2O in CO2 Äquivalente, CH4 in CO2 Äquivalente, HFC in CO2 Äquivalente, PFC in CO2 Äquivalente, SF6 in CO2 Äquivalente, NF3 in CO2 Äquivalente)","HH_HEAT","Tonne","8 539 338.68"
"2015","Schweiz","Treibhausgase (CO2, N2O in CO2 Äquivalente, CH4 in CO2 Äquivalente, HFC in CO2 Äquivalente, PFC in CO2 Äquivalente, SF6 in CO2 Äquivalente, NF3 in CO2 Äquivalente)","HH_TRA","Tonne","10 534 425.09"
"2015","Schweiz","Treibhausgase (CO2, N2O in CO2 Äquivalente, CH4 in CO2 Äquivalente, HFC in CO2 Äquivalente, PFC in CO2 Äquivalente, SF6 in CO2 Äquivalente, NF3 in CO2 Äquivalente)","HH_OTH","Tonne","179 248.48"
"2016","Schweiz","Treibhausgase (CO2, N2O in CO2 Äquivalente, CH4 in CO2 Äquivalente, HFC in CO2 Äquivalente, PFC in CO2 Äquivalente, SF6 in CO2 Äquivalente, NF3 in CO2 Äquivalente)","TOTAL","Tonne","34 484 140.92"
"2016","Schweiz","Treibhausgase (CO2, N2O in CO2 Äquivalente, CH4 in CO2 Äquivalente, HFC in CO2 Äquivalente, PFC in CO2 Äquivalente, SF6 in CO2 Äquivalente, NF3 in CO2 Äquivalente)","A","Tonne","6 998 175.78"
"2016","Schweiz","Treibhausgase (CO2, N2O in CO2 Äquivalente, CH4 in CO2 Äquivalente, HFC in CO2 Äquivalente, PFC in CO2 Äquivalente, SF6 in CO2 Äquivalente, NF3 in CO2 Äquivalente)","A01","Tonne",":"
"2016","Schweiz","Treibhausgase (CO2, N2O in CO2 Äquivalente, CH4 in CO2 Äquivalente, HFC in CO2 Äquivalente, PFC in CO2 Äquivalente, SF6 in CO2 Äquivalente, NF3 in CO2 Äquivalente)","A02","Tonne",":"
"2016","Schweiz","Treibhausgase (CO2, N2O in CO2 Äquivalente, CH4 in CO2 Äquivalente, HFC in CO2 Äquivalente, PFC in CO2 Äquivalente, SF6 in CO2 Äquivalente, NF3 in CO2 Äquivalente)","A03","Tonne",":"
"2016","Schweiz","Treibhausgase (CO2, N2O in CO2 Äquivalente, CH4 in CO2 Äquivalente, HFC in CO2 Äquivalente, PFC in CO2 Äquivalente, SF6 in CO2 Äquivalente, NF3 in CO2 Äquivalente)","B","Tonne","74 232.76"
"2016","Schweiz","Treibhausgase (CO2, N2O in CO2 Äquivalente, CH4 in CO2 Äquivalente, HFC in CO2 Äquivalente, PFC in CO2 Äquivalente, SF6 in CO2 Äquivalente, NF3 in CO2 Äquivalente)","C","Tonne","7 370 250.72"
"2016","Schweiz","Treibhausgase (CO2, N2O in CO2 Äquivalente, CH4 in CO2 Äquivalente, HFC in CO2 Äquivalente, PFC in CO2 Äquivalente, SF6 in CO2 Äquivalente, NF3 in CO2 Äquivalente)","C10-C12","Tonne","920 372.25"
"2016","Schweiz","Treibhausgase (CO2, N2O in CO2 Äquivalente, CH4 in CO2 Äquivalente, HFC in CO2 Äquivalente, PFC in CO2 Äquivalente, SF6 in CO2 Äquivalente, NF3 in CO2 Äquivalente)","C13-C15","Tonne","62 843.31"
"2016","Schweiz","Treibhausgase (CO2, N2O in CO2 Äquivalente, CH4 in CO2 Äquivalente, HFC in CO2 Äquivalente, PFC in CO2 Äquivalente, SF6 in CO2 Äquivalente, NF3 in CO2 Äquivalente)","C16","Tonne","88 550.08"
"2016","Schweiz","Treibhausgase (CO2, N2O in CO2 Äquivalente, CH4 in CO2 Äquivalente, HFC in CO2 Äquivalente, PFC in CO2 Äquivalente, SF6 in CO2 Äquivalente, NF3 in CO2 Äquivalente)","C17","Tonne","183 745.97"
"2016","Schweiz","Treibhausgase (CO2, N2O in CO2 Äquivalente, CH4 in CO2 Äquivalente, HFC in CO2 Äquivalente, PFC in CO2 Äquivalente, SF6 in CO2 Äquivalente, NF3 in CO2 Äquivalente)","C18","Tonne","78 307.6"
"2016","Schweiz","Treibhausgase (CO2, N2O in CO2 Äquivalente, CH4 in CO2 Äquivalente, HFC in CO2 Äquivalente, PFC in CO2 Äquivalente, SF6 in CO2 Äquivalente, NF3 in CO2 Äquivalente)","C19","Tonne","0"
"2016","Schweiz","Treibhausgase (CO2, N2O in CO2 Äquivalente, CH4 in CO2 Äquivalente, HFC in CO2 Äquivalente, PFC in CO2 Äquivalente, SF6 in CO2 Äquivalente, NF3 in CO2 Äquivalente)","C20","Tonne","1 458 170.16"
"2016","Schweiz","Treibhausgase (CO2, N2O in CO2 Äquivalente, CH4 in CO2 Äquivalente, HFC in CO2 Äquivalente, PFC in CO2 Äquivalente, SF6 in CO2 Äquivalente, NF3 in CO2 Äquivalente)","C21","Tonne","212 062.06"
"2016","Schweiz","Treibhausgase (CO2, N2O in CO2 Äquivalente, CH4 in CO2 Äquivalente, HFC in CO2 Äquivalente, PFC in CO2 Äquivalente, SF6 in CO2 Äquivalente, NF3 in CO2 Äquivalente)","C22","Tonne","82 522.09"
"2016","Schweiz","Treibhausgase (CO2, N2O in CO2 Äquivalente, CH4 in CO2 Äquivalente, HFC in CO2 Äquivalente, PFC in CO2 Äquivalente, SF6 in CO2 Äquivalente, NF3 in CO2 Äquivalente)","C23","Tonne","3 019 510.32"
"2016","Schweiz","Treibhausgase (CO2, N2O in CO2 Äquivalente, CH4 in CO2 Äquivalente, HFC in CO2 Äquivalente, PFC in CO2 Äquivalente, SF6 in CO2 Äquivalente, NF3 in CO2 Äquivalente)","C24","Tonne","405 617.59"
"2016","Schweiz","Treibhausgase (CO2, N2O in CO2 Äquivalente, CH4 in CO2 Äquivalente, HFC in CO2 Äquivalente, PFC in CO2 Äquivalente, SF6 in CO2 Äquivalente, NF3 in CO2 Äquivalente)","C25","Tonne","258 899.5"
"2016","Schweiz","Treibhausgase (CO2, N2O in CO2 Äquivalente, CH4 in CO2 Äquivalente, HFC in CO2 Äquivalente, PFC in CO2 Äquivalente, SF6 in CO2 Äquivalente, NF3 in CO2 Äquivalente)","C26","Tonne","169 676.91"
"2016","Schweiz","Treibhausgase (CO2, N2O in CO2 Äquivalente, CH4 in CO2 Äquivalente, HFC in CO2 Äquivalente, PFC in CO2 Äquivalente, SF6 in CO2 Äquivalente, NF3 in CO2 Äquivalente)","C27","Tonne","90 989.71"
"2016","Schweiz","Treibhausgase (CO2, N2O in CO2 Äquivalente, CH4 in CO2 Äquivalente, HFC in CO2 Äquivalente, PFC in CO2 Äquivalente, SF6 in CO2 Äquivalente, NF3 in CO2 Äquivalente)","C28","Tonne","201 704.18"
"2016","Schweiz","Treibhausgase (CO2, N2O in CO2 Äquivalente, CH4 in CO2 Äquivalente, HFC in CO2 Äquivalente, PFC in CO2 Äquivalente, SF6 in CO2 Äquivalente, NF3 in CO2 Äquivalente)","C29","Tonne","13 133.14"
"2016","Schweiz","Treibhausgase (CO2, N2O in CO2 Äquivalente, CH4 in CO2 Äquivalente, HFC in CO2 Äquivalente, PFC in CO2 Äquivalente, SF6 in CO2 Äquivalente, NF3 in CO2 Äquivalente)","C30","Tonne","34 115.4"
"2016","Schweiz","Treibhausgase (CO2, N2O in CO2 Äquivalente, CH4 in CO2 Äquivalente, HFC in CO2 Äquivalente, PFC in CO2 Äquivalente, SF6 in CO2 Äquivalente, NF3 in CO2 Äquivalente)","C31_C32","Tonne","64 036.11"
"2016","Schweiz","Treibhausgase (CO2, N2O in CO2 Äquivalente, CH4 in CO2 Äquivalente, HFC in CO2 Äquivalente, PFC in CO2 Äquivalente, SF6 in CO2 Äquivalente, NF3 in CO2 Äquivalente)","C33","Tonne","25 994.35"
"2016","Schweiz","Treibhausgase (CO2, N2O in CO2 Äquivalente, CH4 in CO2 Äquivalente, HFC in CO2 Äquivalente, PFC in CO2 Äquivalente, SF6 in CO2 Äquivalente, NF3 in CO2 Äquivalente)","D","Tonne","808 609.61"
"2016","Schweiz","Treibhausgase (CO2, N2O in CO2 Äquivalente, CH4 in CO2 Äquivalente, HFC in CO2 Äquivalente, PFC in CO2 Äquivalente, SF6 in CO2 Äquivalente, NF3 in CO2 Äquivalente)","E","Tonne","3 566 497.53"
"2016","Schweiz","Treibhausgase (CO2, N2O in CO2 Äquivalente, CH4 in CO2 Äquivalente, HFC in CO2 Äquivalente, PFC in CO2 Äquivalente, SF6 in CO2 Äquivalente, NF3 in CO2 Äquivalente)","E36","Tonne",":"
"2016","Schweiz","Treibhausgase (CO2, N2O in CO2 Äquivalente, CH4 in CO2 Äquivalente, HFC in CO2 Äquivalente, PFC in CO2 Äquivalente, SF6 in CO2 Äquivalente, NF3 in CO2 Äquivalente)","E37-E39","Tonne",":"
"2016","Schweiz","Treibhausgase (CO2, N2O in CO2 Äquivalente, CH4 in CO2 Äquivalente, HFC in CO2 Äquivalente, PFC in CO2 Äquivalente, SF6 in CO2 Äquivalente, NF3 in CO2 Äquivalente)","F","Tonne","1 136 251.92"
"2016","Schweiz","Treibhausgase (CO2, N2O in CO2 Äquivalente, CH4 in CO2 Äquivalente, HFC in CO2 Äquivalente, PFC in CO2 Äquivalente, SF6 in CO2 Äquivalente, NF3 in CO2 Äquivalente)","G","Tonne","1 940 641"
"2016","Schweiz","Treibhausgase (CO2, N2O in CO2 Äquivalente, CH4 in CO2 Äquivalente, HFC in CO2 Äquivalente, PFC in CO2 Äquivalente, SF6 in CO2 Äquivalente, NF3 in CO2 Äquivalente)","G45","Tonne","279 608.98"
"2016","Schweiz","Treibhausgase (CO2, N2O in CO2 Äquivalente, CH4 in CO2 Äquivalente, HFC in CO2 Äquivalente, PFC in CO2 Äquivalente, SF6 in CO2 Äquivalente, NF3 in CO2 Äquivalente)","G46","Tonne","794 020.64"
"2016","Schweiz","Treibhausgase (CO2, N2O in CO2 Äquivalente, CH4 in CO2 Äquivalente, HFC in CO2 Äquivalente, PFC in CO2 Äquivalente, SF6 in CO2 Äquivalente, NF3 in CO2 Äquivalente)","G47","Tonne","867 011.37"
"2016","Schweiz","Treibhausgase (CO2, N2O in CO2 Äquivalente, CH4 in CO2 Äquivalente, HFC in CO2 Äquivalente, PFC in CO2 Äquivalente, SF6 in CO2 Äquivalente, NF3 in CO2 Äquivalente)","H","Tonne","8 010 128.17"
"2016","Schweiz","Treibhausgase (CO2, N2O in CO2 Äquivalente, CH4 in CO2 Äquivalente, HFC in CO2 Äquivalente, PFC in CO2 Äquivalente, SF6 in CO2 Äquivalente, NF3 in CO2 Äquivalente)","H49","Tonne","7 696 752.96"
"2016","Schweiz","Treibhausgase (CO2, N2O in CO2 Äquivalente, CH4 in CO2 Äquivalente, HFC in CO2 Äquivalente, PFC in CO2 Äquivalente, SF6 in CO2 Äquivalente, NF3 in CO2 Äquivalente)","H50","Tonne","0"
"2016","Schweiz","Treibhausgase (CO2, N2O in CO2 Äquivalente, CH4 in CO2 Äquivalente, HFC in CO2 Äquivalente, PFC in CO2 Äquivalente, SF6 in CO2 Äquivalente, NF3 in CO2 Äquivalente)","H51","Tonne","0"
"2016","Schweiz","Treibhausgase (CO2, N2O in CO2 Äquivalente, CH4 in CO2 Äquivalente, HFC in CO2 Äquivalente, PFC in CO2 Äquivalente, SF6 in CO2 Äquivalente, NF3 in CO2 Äquivalente)","H52","Tonne","231 991.43"
"2016","Schweiz","Treibhausgase (CO2, N2O in CO2 Äquivalente, CH4 in CO2 Äquivalente, HFC in CO2 Äquivalente, PFC in CO2 Äquivalente, SF6 in CO2 Äquivalente, NF3 in CO2 Äquivalente)","H53","Tonne","81 383.77"
"2016","Schweiz","Treibhausgase (CO2, N2O in CO2 Äquivalente, CH4 in CO2 Äquivalente, HFC in CO2 Äquivalente, PFC in CO2 Äquivalente, SF6 in CO2 Äquivalente, NF3 in CO2 Äquivalente)","I","Tonne","647 100.73"
"2016","Schweiz","Treibhausgase (CO2, N2O in CO2 Äquivalente, CH4 in CO2 Äquivalente, HFC in CO2 Äquivalente, PFC in CO2 Äquivalente, SF6 in CO2 Äquivalente, NF3 in CO2 Äquivalente)","J","Tonne","152 341.73"
"2016","Schweiz","Treibhausgase (CO2, N2O in CO2 Äquivalente, CH4 in CO2 Äquivalente, HFC in CO2 Äquivalente, PFC in CO2 Äquivalente, SF6 in CO2 Äquivalente, NF3 in CO2 Äquivalente)","J58","Tonne",":"
"2016","Schweiz","Treibhausgase (CO2, N2O in CO2 Äquivalente, CH4 in CO2 Äquivalente, HFC in CO2 Äquivalente, PFC in CO2 Äquivalente, SF6 in CO2 Äquivalente, NF3 in CO2 Äquivalente)","J59_J60","Tonne",":"
"2016","Schweiz","Treibhausgase (CO2, N2O in CO2 Äquivalente, CH4 in CO2 Äquivalente, HFC in CO2 Äquivalente, PFC in CO2 Äquivalente, SF6 in CO2 Äquivalente, NF3 in CO2 Äquivalente)","J61","Tonne","35 473.13"
"2016","Schweiz","Treibhausgase (CO2, N2O in CO2 Äquivalente, CH4 in CO2 Äquivalente, HFC in CO2 Äquivalente, PFC in CO2 Äquivalente, SF6 in CO2 Äquivalente, NF3 in CO2 Äquivalente)","J62_J63","Tonne","76 121.54"
"2016","Schweiz","Treibhausgase (CO2, N2O in CO2 Äquivalente, CH4 in CO2 Äquivalente, HFC in CO2 Äquivalente, PFC in CO2 Äquivalente, SF6 in CO2 Äquivalente, NF3 in CO2 Äquivalente)","K","Tonne","244 095.17"
"2016","Schweiz","Treibhausgase (CO2, N2O in CO2 Äquivalente, CH4 in CO2 Äquivalente, HFC in CO2 Äquivalente, PFC in CO2 Äquivalente, SF6 in CO2 Äquivalente, NF3 in CO2 Äquivalente)","K64","Tonne","181 028.84"
"2016","Schweiz","Treibhausgase (CO2, N2O in CO2 Äquivalente, CH4 in CO2 Äquivalente, HFC in CO2 Äquivalente, PFC in CO2 Äquivalente, SF6 in CO2 Äquivalente, NF3 in CO2 Äquivalente)","K65","Tonne","63 066.32"
"2016","Schweiz","Treibhausgase (CO2, N2O in CO2 Äquivalente, CH4 in CO2 Äquivalente, HFC in CO2 Äquivalente, PFC in CO2 Äquivalente, SF6 in CO2 Äquivalente, NF3 in CO2 Äquivalente)","K66","Tonne","0"
"2016","Schweiz","Treibhausgase (CO2, N2O in CO2 Äquivalente, CH4 in CO2 Äquivalente, HFC in CO2 Äquivalente, PFC in CO2 Äquivalente, SF6 in CO2 Äquivalente, NF3 in CO2 Äquivalente)","L","Tonne","84 305.93"
"2016","Schweiz","Treibhausgase (CO2, N2O in CO2 Äquivalente, CH4 in CO2 Äquivalente, HFC in CO2 Äquivalente, PFC in CO2 Äquivalente, SF6 in CO2 Äquivalente, NF3 in CO2 Äquivalente)","L68A","Tonne",":"
"2016","Schweiz","Treibhausgase (CO2, N2O in CO2 Äquivalente, CH4 in CO2 Äquivalente, HFC in CO2 Äquivalente, PFC in CO2 Äquivalente, SF6 in CO2 Äquivalente, NF3 in CO2 Äquivalente)","M","Tonne","537 530.77"
"2016","Schweiz","Treibhausgase (CO2, N2O in CO2 Äquivalente, CH4 in CO2 Äquivalente, HFC in CO2 Äquivalente, PFC in CO2 Äquivalente, SF6 in CO2 Äquivalente, NF3 in CO2 Äquivalente)","M69_M70","Tonne",":"
"2016","Schweiz","Treibhausgase (CO2, N2O in CO2 Äquivalente, CH4 in CO2 Äquivalente, HFC in CO2 Äquivalente, PFC in CO2 Äquivalente, SF6 in CO2 Äquivalente, NF3 in CO2 Äquivalente)","M71","Tonne",":"
"2016","Schweiz","Treibhausgase (CO2, N2O in CO2 Äquivalente, CH4 in CO2 Äquivalente, HFC in CO2 Äquivalente, PFC in CO2 Äquivalente, SF6 in CO2 Äquivalente, NF3 in CO2 Äquivalente)","M72","Tonne","141 874.45"
"2016","Schweiz","Treibhausgase (CO2, N2O in CO2 Äquivalente, CH4 in CO2 Äquivalente, HFC in CO2 Äquivalente, PFC in CO2 Äquivalente, SF6 in CO2 Äquivalente, NF3 in CO2 Äquivalente)","M73","Tonne",":"
"2016","Schweiz","Treibhausgase (CO2, N2O in CO2 Äquivalente, CH4 in CO2 Äquivalente, HFC in CO2 Äquivalente, PFC in CO2 Äquivalente, SF6 in CO2 Äquivalente, NF3 in CO2 Äquivalente)","M74_M75","Tonne",":"
"2016","Schweiz","Treibhausgase (CO2, N2O in CO2 Äquivalente, CH4 in CO2 Äquivalente, HFC in CO2 Äquivalente, PFC in CO2 Äquivalente, SF6 in CO2 Äquivalente, NF3 in CO2 Äquivalente)","N","Tonne","249 660.85"
"2016","Schweiz","Treibhausgase (CO2, N2O in CO2 Äquivalente, CH4 in CO2 Äquivalente, HFC in CO2 Äquivalente, PFC in CO2 Äquivalente, SF6 in CO2 Äquivalente, NF3 in CO2 Äquivalente)","N77","Tonne",":"
"2016","Schweiz","Treibhausgase (CO2, N2O in CO2 Äquivalente, CH4 in CO2 Äquivalente, HFC in CO2 Äquivalente, PFC in CO2 Äquivalente, SF6 in CO2 Äquivalente, NF3 in CO2 Äquivalente)","N78","Tonne",":"
"2016","Schweiz","Treibhausgase (CO2, N2O in CO2 Äquivalente, CH4 in CO2 Äquivalente, HFC in CO2 Äquivalente, PFC in CO2 Äquivalente, SF6 in CO2 Äquivalente, NF3 in CO2 Äquivalente)","N79","Tonne",":"
"2016","Schweiz","Treibhausgase (CO2, N2O in CO2 Äquivalente, CH4 in CO2 Äquivalente, HFC in CO2 Äquivalente, PFC in CO2 Äquivalente, SF6 in CO2 Äquivalente, NF3 in CO2 Äquivalente)","N80-N82","Tonne",":"
"2016","Schweiz","Treibhausgase (CO2, N2O in CO2 Äquivalente, CH4 in CO2 Äquivalente, HFC in CO2 Äquivalente, PFC in CO2 Äquivalente, SF6 in CO2 Äquivalente, NF3 in CO2 Äquivalente)","O","Tonne","1 372 873.25"
"2016","Schweiz","Treibhausgase (CO2, N2O in CO2 Äquivalente, CH4 in CO2 Äquivalente, HFC in CO2 Äquivalente, PFC in CO2 Äquivalente, SF6 in CO2 Äquivalente, NF3 in CO2 Äquivalente)","P","Tonne","75 555.32"
"2016","Schweiz","Treibhausgase (CO2, N2O in CO2 Äquivalente, CH4 in CO2 Äquivalente, HFC in CO2 Äquivalente, PFC in CO2 Äquivalente, SF6 in CO2 Äquivalente, NF3 in CO2 Äquivalente)","Q","Tonne","737 544.71"
"2016","Schweiz","Treibhausgase (CO2, N2O in CO2 Äquivalente, CH4 in CO2 Äquivalente, HFC in CO2 Äquivalente, PFC in CO2 Äquivalente, SF6 in CO2 Äquivalente, NF3 in CO2 Äquivalente)","Q86","Tonne","404 940.28"
"2016","Schweiz","Treibhausgase (CO2, N2O in CO2 Äquivalente, CH4 in CO2 Äquivalente, HFC in CO2 Äquivalente, PFC in CO2 Äquivalente, SF6 in CO2 Äquivalente, NF3 in CO2 Äquivalente)","Q87_Q88","Tonne","332 604.43"
"2016","Schweiz","Treibhausgase (CO2, N2O in CO2 Äquivalente, CH4 in CO2 Äquivalente, HFC in CO2 Äquivalente, PFC in CO2 Äquivalente, SF6 in CO2 Äquivalente, NF3 in CO2 Äquivalente)","R","Tonne","180 975.58"
"2016","Schweiz","Treibhausgase (CO2, N2O in CO2 Äquivalente, CH4 in CO2 Äquivalente, HFC in CO2 Äquivalente, PFC in CO2 Äquivalente, SF6 in CO2 Äquivalente, NF3 in CO2 Äquivalente)","R90-R92","Tonne",":"
"2016","Schweiz","Treibhausgase (CO2, N2O in CO2 Äquivalente, CH4 in CO2 Äquivalente, HFC in CO2 Äquivalente, PFC in CO2 Äquivalente, SF6 in CO2 Äquivalente, NF3 in CO2 Äquivalente)","R93","Tonne",":"
"2016","Schweiz","Treibhausgase (CO2, N2O in CO2 Äquivalente, CH4 in CO2 Äquivalente, HFC in CO2 Äquivalente, PFC in CO2 Äquivalente, SF6 in CO2 Äquivalente, NF3 in CO2 Äquivalente)","S","Tonne","297 369.42"
"2016","Schweiz","Treibhausgase (CO2, N2O in CO2 Äquivalente, CH4 in CO2 Äquivalente, HFC in CO2 Äquivalente, PFC in CO2 Äquivalente, SF6 in CO2 Äquivalente, NF3 in CO2 Äquivalente)","S94","Tonne",":"
"2016","Schweiz","Treibhausgase (CO2, N2O in CO2 Äquivalente, CH4 in CO2 Äquivalente, HFC in CO2 Äquivalente, PFC in CO2 Äquivalente, SF6 in CO2 Äquivalente, NF3 in CO2 Äquivalente)","S95","Tonne",":"
"2016","Schweiz","Treibhausgase (CO2, N2O in CO2 Äquivalente, CH4 in CO2 Äquivalente, HFC in CO2 Äquivalente, PFC in CO2 Äquivalente, SF6 in CO2 Äquivalente, NF3 in CO2 Äquivalente)","S96","Tonne",":"
"2016","Schweiz","Treibhausgase (CO2, N2O in CO2 Äquivalente, CH4 in CO2 Äquivalente, HFC in CO2 Äquivalente, PFC in CO2 Äquivalente, SF6 in CO2 Äquivalente, NF3 in CO2 Äquivalente)","T","Tonne","0"
"2016","Schweiz","Treibhausgase (CO2, N2O in CO2 Äquivalente, CH4 in CO2 Äquivalente, HFC in CO2 Äquivalente, PFC in CO2 Äquivalente, SF6 in CO2 Äquivalente, NF3 in CO2 Äquivalente)","U","Tonne","0"
"2016","Schweiz","Treibhausgase (CO2, N2O in CO2 Äquivalente, CH4 in CO2 Äquivalente, HFC in CO2 Äquivalente, PFC in CO2 Äquivalente, SF6 in CO2 Äquivalente, NF3 in CO2 Äquivalente)","TOTAL_HH","Tonne","54 075 509.79"
"2016","Schweiz","Treibhausgase (CO2, N2O in CO2 Äquivalente, CH4 in CO2 Äquivalente, HFC in CO2 Äquivalente, PFC in CO2 Äquivalente, SF6 in CO2 Äquivalente, NF3 in CO2 Äquivalente)","HH","Tonne","19 591 368.87"
"2016","Schweiz","Treibhausgase (CO2, N2O in CO2 Äquivalente, CH4 in CO2 Äquivalente, HFC in CO2 Äquivalente, PFC in CO2 Äquivalente, SF6 in CO2 Äquivalente, NF3 in CO2 Äquivalente)","HH_HEAT","Tonne","8 838 504.69"
"2016","Schweiz","Treibhausgase (CO2, N2O in CO2 Äquivalente, CH4 in CO2 Äquivalente, HFC in CO2 Äquivalente, PFC in CO2 Äquivalente, SF6 in CO2 Äquivalente, NF3 in CO2 Äquivalente)","HH_TRA","Tonne","10 572 408.39"
"2016","Schweiz","Treibhausgase (CO2, N2O in CO2 Äquivalente, CH4 in CO2 Äquivalente, HFC in CO2 Äquivalente, PFC in CO2 Äquivalente, SF6 in CO2 Äquivalente, NF3 in CO2 Äquivalente)","HH_OTH","Tonne","180 455.79"
"2017","Schweiz","Treibhausgase (CO2, N2O in CO2 Äquivalente, CH4 in CO2 Äquivalente, HFC in CO2 Äquivalente, PFC in CO2 Äquivalente, SF6 in CO2 Äquivalente, NF3 in CO2 Äquivalente)","TOTAL","Tonne","33 959 107.76"
"2017","Schweiz","Treibhausgase (CO2, N2O in CO2 Äquivalente, CH4 in CO2 Äquivalente, HFC in CO2 Äquivalente, PFC in CO2 Äquivalente, SF6 in CO2 Äquivalente, NF3 in CO2 Äquivalente)","A","Tonne","6 983 748.52"
"2017","Schweiz","Treibhausgase (CO2, N2O in CO2 Äquivalente, CH4 in CO2 Äquivalente, HFC in CO2 Äquivalente, PFC in CO2 Äquivalente, SF6 in CO2 Äquivalente, NF3 in CO2 Äquivalente)","A01","Tonne",":"
"2017","Schweiz","Treibhausgase (CO2, N2O in CO2 Äquivalente, CH4 in CO2 Äquivalente, HFC in CO2 Äquivalente, PFC in CO2 Äquivalente, SF6 in CO2 Äquivalente, NF3 in CO2 Äquivalente)","A02","Tonne",":"
"2017","Schweiz","Treibhausgase (CO2, N2O in CO2 Äquivalente, CH4 in CO2 Äquivalente, HFC in CO2 Äquivalente, PFC in CO2 Äquivalente, SF6 in CO2 Äquivalente, NF3 in CO2 Äquivalente)","A03","Tonne",":"
"2017","Schweiz","Treibhausgase (CO2, N2O in CO2 Äquivalente, CH4 in CO2 Äquivalente, HFC in CO2 Äquivalente, PFC in CO2 Äquivalente, SF6 in CO2 Äquivalente, NF3 in CO2 Äquivalente)","B","Tonne","75 027.33"
"2017","Schweiz","Treibhausgase (CO2, N2O in CO2 Äquivalente, CH4 in CO2 Äquivalente, HFC in CO2 Äquivalente, PFC in CO2 Äquivalente, SF6 in CO2 Äquivalente, NF3 in CO2 Äquivalente)","C","Tonne","7 162 580.13"
"2017","Schweiz","Treibhausgase (CO2, N2O in CO2 Äquivalente, CH4 in CO2 Äquivalente, HFC in CO2 Äquivalente, PFC in CO2 Äquivalente, SF6 in CO2 Äquivalente, NF3 in CO2 Äquivalente)","C10-C12","Tonne","915 559.01"
"2017","Schweiz","Treibhausgase (CO2, N2O in CO2 Äquivalente, CH4 in CO2 Äquivalente, HFC in CO2 Äquivalente, PFC in CO2 Äquivalente, SF6 in CO2 Äquivalente, NF3 in CO2 Äquivalente)","C13-C15","Tonne","59 902.49"
"2017","Schweiz","Treibhausgase (CO2, N2O in CO2 Äquivalente, CH4 in CO2 Äquivalente, HFC in CO2 Äquivalente, PFC in CO2 Äquivalente, SF6 in CO2 Äquivalente, NF3 in CO2 Äquivalente)","C16","Tonne","83 463.28"
"2017","Schweiz","Treibhausgase (CO2, N2O in CO2 Äquivalente, CH4 in CO2 Äquivalente, HFC in CO2 Äquivalente, PFC in CO2 Äquivalente, SF6 in CO2 Äquivalente, NF3 in CO2 Äquivalente)","C17","Tonne","175 615.45"
"2017","Schweiz","Treibhausgase (CO2, N2O in CO2 Äquivalente, CH4 in CO2 Äquivalente, HFC in CO2 Äquivalente, PFC in CO2 Äquivalente, SF6 in CO2 Äquivalente, NF3 in CO2 Äquivalente)","C18","Tonne","71 475.44"
"2017","Schweiz","Treibhausgase (CO2, N2O in CO2 Äquivalente, CH4 in CO2 Äquivalente, HFC in CO2 Äquivalente, PFC in CO2 Äquivalente, SF6 in CO2 Äquivalente, NF3 in CO2 Äquivalente)","C19","Tonne","0"
"2017","Schweiz","Treibhausgase (CO2, N2O in CO2 Äquivalente, CH4 in CO2 Äquivalente, HFC in CO2 Äquivalente, PFC in CO2 Äquivalente, SF6 in CO2 Äquivalente, NF3 in CO2 Äquivalente)","C20","Tonne","1 405 312.56"
"2017","Schweiz","Treibhausgase (CO2, N2O in CO2 Äquivalente, CH4 in CO2 Äquivalente, HFC in CO2 Äquivalente, PFC in CO2 Äquivalente, SF6 in CO2 Äquivalente, NF3 in CO2 Äquivalente)","C21","Tonne","199 887.01"
"2017","Schweiz","Treibhausgase (CO2, N2O in CO2 Äquivalente, CH4 in CO2 Äquivalente, HFC in CO2 Äquivalente, PFC in CO2 Äquivalente, SF6 in CO2 Äquivalente, NF3 in CO2 Äquivalente)","C22","Tonne","66 233.74"
"2017","Schweiz","Treibhausgase (CO2, N2O in CO2 Äquivalente, CH4 in CO2 Äquivalente, HFC in CO2 Äquivalente, PFC in CO2 Äquivalente, SF6 in CO2 Äquivalente, NF3 in CO2 Äquivalente)","C23","Tonne","2 993 681.07"
"2017","Schweiz","Treibhausgase (CO2, N2O in CO2 Äquivalente, CH4 in CO2 Äquivalente, HFC in CO2 Äquivalente, PFC in CO2 Äquivalente, SF6 in CO2 Äquivalente, NF3 in CO2 Äquivalente)","C24","Tonne","408 476.54"
"2017","Schweiz","Treibhausgase (CO2, N2O in CO2 Äquivalente, CH4 in CO2 Äquivalente, HFC in CO2 Äquivalente, PFC in CO2 Äquivalente, SF6 in CO2 Äquivalente, NF3 in CO2 Äquivalente)","C25","Tonne","251 826.17"
"2017","Schweiz","Treibhausgase (CO2, N2O in CO2 Äquivalente, CH4 in CO2 Äquivalente, HFC in CO2 Äquivalente, PFC in CO2 Äquivalente, SF6 in CO2 Äquivalente, NF3 in CO2 Äquivalente)","C26","Tonne","150 127.78"
"2017","Schweiz","Treibhausgase (CO2, N2O in CO2 Äquivalente, CH4 in CO2 Äquivalente, HFC in CO2 Äquivalente, PFC in CO2 Äquivalente, SF6 in CO2 Äquivalente, NF3 in CO2 Äquivalente)","C27","Tonne","81 893.81"
"2017","Schweiz","Treibhausgase (CO2, N2O in CO2 Äquivalente, CH4 in CO2 Äquivalente, HFC in CO2 Äquivalente, PFC in CO2 Äquivalente, SF6 in CO2 Äquivalente, NF3 in CO2 Äquivalente)","C28","Tonne","176 883.77"
"2017","Schweiz","Treibhausgase (CO2, N2O in CO2 Äquivalente, CH4 in CO2 Äquivalente, HFC in CO2 Äquivalente, PFC in CO2 Äquivalente, SF6 in CO2 Äquivalente, NF3 in CO2 Äquivalente)","C29","Tonne","13 706.76"
"2017","Schweiz","Treibhausgase (CO2, N2O in CO2 Äquivalente, CH4 in CO2 Äquivalente, HFC in CO2 Äquivalente, PFC in CO2 Äquivalente, SF6 in CO2 Äquivalente, NF3 in CO2 Äquivalente)","C30","Tonne","32 448.04"
"2017","Schweiz","Treibhausgase (CO2, N2O in CO2 Äquivalente, CH4 in CO2 Äquivalente, HFC in CO2 Äquivalente, PFC in CO2 Äquivalente, SF6 in CO2 Äquivalente, NF3 in CO2 Äquivalente)","C31_C32","Tonne","52 374.08"
"2017","Schweiz","Treibhausgase (CO2, N2O in CO2 Äquivalente, CH4 in CO2 Äquivalente, HFC in CO2 Äquivalente, PFC in CO2 Äquivalente, SF6 in CO2 Äquivalente, NF3 in CO2 Äquivalente)","C33","Tonne","23 713.14"
"2017","Schweiz","Treibhausgase (CO2, N2O in CO2 Äquivalente, CH4 in CO2 Äquivalente, HFC in CO2 Äquivalente, PFC in CO2 Äquivalente, SF6 in CO2 Äquivalente, NF3 in CO2 Äquivalente)","D","Tonne","769 253.42"
"2017","Schweiz","Treibhausgase (CO2, N2O in CO2 Äquivalente, CH4 in CO2 Äquivalente, HFC in CO2 Äquivalente, PFC in CO2 Äquivalente, SF6 in CO2 Äquivalente, NF3 in CO2 Äquivalente)","E","Tonne","3 567 791.11"
"2017","Schweiz","Treibhausgase (CO2, N2O in CO2 Äquivalente, CH4 in CO2 Äquivalente, HFC in CO2 Äquivalente, PFC in CO2 Äquivalente, SF6 in CO2 Äquivalente, NF3 in CO2 Äquivalente)","E36","Tonne",":"
"2017","Schweiz","Treibhausgase (CO2, N2O in CO2 Äquivalente, CH4 in CO2 Äquivalente, HFC in CO2 Äquivalente, PFC in CO2 Äquivalente, SF6 in CO2 Äquivalente, NF3 in CO2 Äquivalente)","E37-E39","Tonne",":"
"2017","Schweiz","Treibhausgase (CO2, N2O in CO2 Äquivalente, CH4 in CO2 Äquivalente, HFC in CO2 Äquivalente, PFC in CO2 Äquivalente, SF6 in CO2 Äquivalente, NF3 in CO2 Äquivalente)","F","Tonne","1 105 628.79"
"2017","Schweiz","Treibhausgase (CO2, N2O in CO2 Äquivalente, CH4 in CO2 Äquivalente, HFC in CO2 Äquivalente, PFC in CO2 Äquivalente, SF6 in CO2 Äquivalente, NF3 in CO2 Äquivalente)","G","Tonne","1 910 944.61"
"2017","Schweiz","Treibhausgase (CO2, N2O in CO2 Äquivalente, CH4 in CO2 Äquivalente, HFC in CO2 Äquivalente, PFC in CO2 Äquivalente, SF6 in CO2 Äquivalente, NF3 in CO2 Äquivalente)","G45","Tonne","274 911.09"
"2017","Schweiz","Treibhausgase (CO2, N2O in CO2 Äquivalente, CH4 in CO2 Äquivalente, HFC in CO2 Äquivalente, PFC in CO2 Äquivalente, SF6 in CO2 Äquivalente, NF3 in CO2 Äquivalente)","G46","Tonne","702 779.67"
"2017","Schweiz","Treibhausgase (CO2, N2O in CO2 Äquivalente, CH4 in CO2 Äquivalente, HFC in CO2 Äquivalente, PFC in CO2 Äquivalente, SF6 in CO2 Äquivalente, NF3 in CO2 Äquivalente)","G47","Tonne","933 253.85"
"2017","Schweiz","Treibhausgase (CO2, N2O in CO2 Äquivalente, CH4 in CO2 Äquivalente, HFC in CO2 Äquivalente, PFC in CO2 Äquivalente, SF6 in CO2 Äquivalente, NF3 in CO2 Äquivalente)","H","Tonne","8 061 049.9"
"2017","Schweiz","Treibhausgase (CO2, N2O in CO2 Äquivalente, CH4 in CO2 Äquivalente, HFC in CO2 Äquivalente, PFC in CO2 Äquivalente, SF6 in CO2 Äquivalente, NF3 in CO2 Äquivalente)","H49","Tonne","7 738 581.77"
"2017","Schweiz","Treibhausgase (CO2, N2O in CO2 Äquivalente, CH4 in CO2 Äquivalente, HFC in CO2 Äquivalente, PFC in CO2 Äquivalente, SF6 in CO2 Äquivalente, NF3 in CO2 Äquivalente)","H50","Tonne","0"
"2017","Schweiz","Treibhausgase (CO2, N2O in CO2 Äquivalente, CH4 in CO2 Äquivalente, HFC in CO2 Äquivalente, PFC in CO2 Äquivalente, SF6 in CO2 Äquivalente, NF3 in CO2 Äquivalente)","H51","Tonne","0"
"2017","Schweiz","Treibhausgase (CO2, N2O in CO2 Äquivalente, CH4 in CO2 Äquivalente, HFC in CO2 Äquivalente, PFC in CO2 Äquivalente, SF6 in CO2 Äquivalente, NF3 in CO2 Äquivalente)","H52","Tonne","252 376.42"
"2017","Schweiz","Treibhausgase (CO2, N2O in CO2 Äquivalente, CH4 in CO2 Äquivalente, HFC in CO2 Äquivalente, PFC in CO2 Äquivalente, SF6 in CO2 Äquivalente, NF3 in CO2 Äquivalente)","H53","Tonne","70 091.7"
"2017","Schweiz","Treibhausgase (CO2, N2O in CO2 Äquivalente, CH4 in CO2 Äquivalente, HFC in CO2 Äquivalente, PFC in CO2 Äquivalente, SF6 in CO2 Äquivalente, NF3 in CO2 Äquivalente)","I","Tonne","635 716.91"
"2017","Schweiz","Treibhausgase (CO2, N2O in CO2 Äquivalente, CH4 in CO2 Äquivalente, HFC in CO2 Äquivalente, PFC in CO2 Äquivalente, SF6 in CO2 Äquivalente, NF3 in CO2 Äquivalente)","J","Tonne","125 785.48"
"2017","Schweiz","Treibhausgase (CO2, N2O in CO2 Äquivalente, CH4 in CO2 Äquivalente, HFC in CO2 Äquivalente, PFC in CO2 Äquivalente, SF6 in CO2 Äquivalente, NF3 in CO2 Äquivalente)","J58","Tonne",":"
"2017","Schweiz","Treibhausgase (CO2, N2O in CO2 Äquivalente, CH4 in CO2 Äquivalente, HFC in CO2 Äquivalente, PFC in CO2 Äquivalente, SF6 in CO2 Äquivalente, NF3 in CO2 Äquivalente)","J59_J60","Tonne",":"
"2017","Schweiz","Treibhausgase (CO2, N2O in CO2 Äquivalente, CH4 in CO2 Äquivalente, HFC in CO2 Äquivalente, PFC in CO2 Äquivalente, SF6 in CO2 Äquivalente, NF3 in CO2 Äquivalente)","J61","Tonne","25 985.14"
"2017","Schweiz","Treibhausgase (CO2, N2O in CO2 Äquivalente, CH4 in CO2 Äquivalente, HFC in CO2 Äquivalente, PFC in CO2 Äquivalente, SF6 in CO2 Äquivalente, NF3 in CO2 Äquivalente)","J62_J63","Tonne","53 789.34"
"2017","Schweiz","Treibhausgase (CO2, N2O in CO2 Äquivalente, CH4 in CO2 Äquivalente, HFC in CO2 Äquivalente, PFC in CO2 Äquivalente, SF6 in CO2 Äquivalente, NF3 in CO2 Äquivalente)","K","Tonne","209 218.22"
"2017","Schweiz","Treibhausgase (CO2, N2O in CO2 Äquivalente, CH4 in CO2 Äquivalente, HFC in CO2 Äquivalente, PFC in CO2 Äquivalente, SF6 in CO2 Äquivalente, NF3 in CO2 Äquivalente)","K64","Tonne","141 040.39"
"2017","Schweiz","Treibhausgase (CO2, N2O in CO2 Äquivalente, CH4 in CO2 Äquivalente, HFC in CO2 Äquivalente, PFC in CO2 Äquivalente, SF6 in CO2 Äquivalente, NF3 in CO2 Äquivalente)","K65","Tonne","68 177.83"
"2017","Schweiz","Treibhausgase (CO2, N2O in CO2 Äquivalente, CH4 in CO2 Äquivalente, HFC in CO2 Äquivalente, PFC in CO2 Äquivalente, SF6 in CO2 Äquivalente, NF3 in CO2 Äquivalente)","K66","Tonne","0"
"2017","Schweiz","Treibhausgase (CO2, N2O in CO2 Äquivalente, CH4 in CO2 Äquivalente, HFC in CO2 Äquivalente, PFC in CO2 Äquivalente, SF6 in CO2 Äquivalente, NF3 in CO2 Äquivalente)","L","Tonne","91 420.86"
"2017","Schweiz","Treibhausgase (CO2, N2O in CO2 Äquivalente, CH4 in CO2 Äquivalente, HFC in CO2 Äquivalente, PFC in CO2 Äquivalente, SF6 in CO2 Äquivalente, NF3 in CO2 Äquivalente)","L68A","Tonne",":"
"2017","Schweiz","Treibhausgase (CO2, N2O in CO2 Äquivalente, CH4 in CO2 Äquivalente, HFC in CO2 Äquivalente, PFC in CO2 Äquivalente, SF6 in CO2 Äquivalente, NF3 in CO2 Äquivalente)","M","Tonne","485 151.81"
"2017","Schweiz","Treibhausgase (CO2, N2O in CO2 Äquivalente, CH4 in CO2 Äquivalente, HFC in CO2 Äquivalente, PFC in CO2 Äquivalente, SF6 in CO2 Äquivalente, NF3 in CO2 Äquivalente)","M69_M70","Tonne",":"
"2017","Schweiz","Treibhausgase (CO2, N2O in CO2 Äquivalente, CH4 in CO2 Äquivalente, HFC in CO2 Äquivalente, PFC in CO2 Äquivalente, SF6 in CO2 Äquivalente, NF3 in CO2 Äquivalente)","M71","Tonne",":"
"2017","Schweiz","Treibhausgase (CO2, N2O in CO2 Äquivalente, CH4 in CO2 Äquivalente, HFC in CO2 Äquivalente, PFC in CO2 Äquivalente, SF6 in CO2 Äquivalente, NF3 in CO2 Äquivalente)","M72","Tonne","152 263.76"
"2017","Schweiz","Treibhausgase (CO2, N2O in CO2 Äquivalente, CH4 in CO2 Äquivalente, HFC in CO2 Äquivalente, PFC in CO2 Äquivalente, SF6 in CO2 Äquivalente, NF3 in CO2 Äquivalente)","M73","Tonne",":"
"2017","Schweiz","Treibhausgase (CO2, N2O in CO2 Äquivalente, CH4 in CO2 Äquivalente, HFC in CO2 Äquivalente, PFC in CO2 Äquivalente, SF6 in CO2 Äquivalente, NF3 in CO2 Äquivalente)","M74_M75","Tonne",":"
"2017","Schweiz","Treibhausgase (CO2, N2O in CO2 Äquivalente, CH4 in CO2 Äquivalente, HFC in CO2 Äquivalente, PFC in CO2 Äquivalente, SF6 in CO2 Äquivalente, NF3 in CO2 Äquivalente)","N","Tonne","399 496.29"
"2017","Schweiz","Treibhausgase (CO2, N2O in CO2 Äquivalente, CH4 in CO2 Äquivalente, HFC in CO2 Äquivalente, PFC in CO2 Äquivalente, SF6 in CO2 Äquivalente, NF3 in CO2 Äquivalente)","N77","Tonne",":"
"2017","Schweiz","Treibhausgase (CO2, N2O in CO2 Äquivalente, CH4 in CO2 Äquivalente, HFC in CO2 Äquivalente, PFC in CO2 Äquivalente, SF6 in CO2 Äquivalente, NF3 in CO2 Äquivalente)","N78","Tonne",":"
"2017","Schweiz","Treibhausgase (CO2, N2O in CO2 Äquivalente, CH4 in CO2 Äquivalente, HFC in CO2 Äquivalente, PFC in CO2 Äquivalente, SF6 in CO2 Äquivalente, NF3 in CO2 Äquivalente)","N79","Tonne",":"
"2017","Schweiz","Treibhausgase (CO2, N2O in CO2 Äquivalente, CH4 in CO2 Äquivalente, HFC in CO2 Äquivalente, PFC in CO2 Äquivalente, SF6 in CO2 Äquivalente, NF3 in CO2 Äquivalente)","N80-N82","Tonne",":"
"2017","Schweiz","Treibhausgase (CO2, N2O in CO2 Äquivalente, CH4 in CO2 Äquivalente, HFC in CO2 Äquivalente, PFC in CO2 Äquivalente, SF6 in CO2 Äquivalente, NF3 in CO2 Äquivalente)","O","Tonne","1 241 829.84"
"2017","Schweiz","Treibhausgase (CO2, N2O in CO2 Äquivalente, CH4 in CO2 Äquivalente, HFC in CO2 Äquivalente, PFC in CO2 Äquivalente, SF6 in CO2 Äquivalente, NF3 in CO2 Äquivalente)","P","Tonne","66 373.55"
"2017","Schweiz","Treibhausgase (CO2, N2O in CO2 Äquivalente, CH4 in CO2 Äquivalente, HFC in CO2 Äquivalente, PFC in CO2 Äquivalente, SF6 in CO2 Äquivalente, NF3 in CO2 Äquivalente)","Q","Tonne","669 576.8"
"2017","Schweiz","Treibhausgase (CO2, N2O in CO2 Äquivalente, CH4 in CO2 Äquivalente, HFC in CO2 Äquivalente, PFC in CO2 Äquivalente, SF6 in CO2 Äquivalente, NF3 in CO2 Äquivalente)","Q86","Tonne","358 866.99"
"2017","Schweiz","Treibhausgase (CO2, N2O in CO2 Äquivalente, CH4 in CO2 Äquivalente, HFC in CO2 Äquivalente, PFC in CO2 Äquivalente, SF6 in CO2 Äquivalente, NF3 in CO2 Äquivalente)","Q87_Q88","Tonne","310 709.81"
"2017","Schweiz","Treibhausgase (CO2, N2O in CO2 Äquivalente, CH4 in CO2 Äquivalente, HFC in CO2 Äquivalente, PFC in CO2 Äquivalente, SF6 in CO2 Äquivalente, NF3 in CO2 Äquivalente)","R","Tonne","170 522.99"
"2017","Schweiz","Treibhausgase (CO2, N2O in CO2 Äquivalente, CH4 in CO2 Äquivalente, HFC in CO2 Äquivalente, PFC in CO2 Äquivalente, SF6 in CO2 Äquivalente, NF3 in CO2 Äquivalente)","R90-R92","Tonne",":"
"2017","Schweiz","Treibhausgase (CO2, N2O in CO2 Äquivalente, CH4 in CO2 Äquivalente, HFC in CO2 Äquivalente, PFC in CO2 Äquivalente, SF6 in CO2 Äquivalente, NF3 in CO2 Äquivalente)","R93","Tonne",":"
"2017","Schweiz","Treibhausgase (CO2, N2O in CO2 Äquivalente, CH4 in CO2 Äquivalente, HFC in CO2 Äquivalente, PFC in CO2 Äquivalente, SF6 in CO2 Äquivalente, NF3 in CO2 Äquivalente)","S","Tonne","227 991.21"
"2017","Schweiz","Treibhausgase (CO2, N2O in CO2 Äquivalente, CH4 in CO2 Äquivalente, HFC in CO2 Äquivalente, PFC in CO2 Äquivalente, SF6 in CO2 Äquivalente, NF3 in CO2 Äquivalente)","S94","Tonne",":"
"2017","Schweiz","Treibhausgase (CO2, N2O in CO2 Äquivalente, CH4 in CO2 Äquivalente, HFC in CO2 Äquivalente, PFC in CO2 Äquivalente, SF6 in CO2 Äquivalente, NF3 in CO2 Äquivalente)","S95","Tonne",":"
"2017","Schweiz","Treibhausgase (CO2, N2O in CO2 Äquivalente, CH4 in CO2 Äquivalente, HFC in CO2 Äquivalente, PFC in CO2 Äquivalente, SF6 in CO2 Äquivalente, NF3 in CO2 Äquivalente)","S96","Tonne",":"
"2017","Schweiz","Treibhausgase (CO2, N2O in CO2 Äquivalente, CH4 in CO2 Äquivalente, HFC in CO2 Äquivalente, PFC in CO2 Äquivalente, SF6 in CO2 Äquivalente, NF3 in CO2 Äquivalente)","T","Tonne","0"
"2017","Schweiz","Treibhausgase (CO2, N2O in CO2 Äquivalente, CH4 in CO2 Äquivalente, HFC in CO2 Äquivalente, PFC in CO2 Äquivalente, SF6 in CO2 Äquivalente, NF3 in CO2 Äquivalente)","U","Tonne","0"
"2017","Schweiz","Treibhausgase (CO2, N2O in CO2 Äquivalente, CH4 in CO2 Äquivalente, HFC in CO2 Äquivalente, PFC in CO2 Äquivalente, SF6 in CO2 Äquivalente, NF3 in CO2 Äquivalente)","TOTAL_HH","Tonne","53 142 797.02"
"2017","Schweiz","Treibhausgase (CO2, N2O in CO2 Äquivalente, CH4 in CO2 Äquivalente, HFC in CO2 Äquivalente, PFC in CO2 Äquivalente, SF6 in CO2 Äquivalente, NF3 in CO2 Äquivalente)","HH","Tonne","19 183 689.26"
"2017","Schweiz","Treibhausgase (CO2, N2O in CO2 Äquivalente, CH4 in CO2 Äquivalente, HFC in CO2 Äquivalente, PFC in CO2 Äquivalente, SF6 in CO2 Äquivalente, NF3 in CO2 Äquivalente)","HH_HEAT","Tonne","8 406 763.85"
"2017","Schweiz","Treibhausgase (CO2, N2O in CO2 Äquivalente, CH4 in CO2 Äquivalente, HFC in CO2 Äquivalente, PFC in CO2 Äquivalente, SF6 in CO2 Äquivalente, NF3 in CO2 Äquivalente)","HH_TRA","Tonne","10 592 951.79"
"2017","Schweiz","Treibhausgase (CO2, N2O in CO2 Äquivalente, CH4 in CO2 Äquivalente, HFC in CO2 Äquivalente, PFC in CO2 Äquivalente, SF6 in CO2 Äquivalente, NF3 in CO2 Äquivalente)","HH_OTH","Tonne","183 973.62"
